id,site,year,month,day,plant_field,species_code,age,size,light,inches,area_cm2,dw_g,dw_area_g_cm2,drying_method,updated,error message
6,Tiputini,2013,jul,8,43,T79,mat,sap,shade,1.43000,9.225788,0.03820,,,2015-12-08 11:09:58+00:00,"Plant could not be found matching {""species_code__species_code__iexact"": ""T79"", ""plant_number__iexact"": ""43""}"
17,Tiputini,2013,jul,8,94,T39,mat,sap,shade,1.53000,9.870948,0.05380,,,2015-12-02 09:03:00+00:00,"Plant could not be found matching {""species_code__species_code__iexact"": ""T39"", ""plant_number__iexact"": ""94""}"
46,Tiputini,2013,jul,9,123,T61,mat,sap,sun,2.09000,13.483844,0.08040,,,2015-12-02 09:40:09+00:00,"Plant could not be found matching {""species_code__species_code__iexact"": ""T61"", ""plant_number__iexact"": ""123""}"
111,Tiputini,2013,jul,18,336,T61,mat,sap,shade,3.69000,23.806404,0.14420,,,2015-12-03 10:06:35+00:00,"Plant could not be found matching {""species_code__species_code__iexact"": ""T61"", ""plant_number__iexact"": ""336""}"
131,Tiputini,2013,jul,20,375,T67,mat,sap,sun,2.20000,14.193520,0.06690,,,2015-12-08 12:32:44+00:00,"Plant could not be found matching {""species_code__species_code__iexact"": ""T67"", ""plant_number__iexact"": ""375""}"
134,Tiputini,2013,jul,22,419,T66,mat,sap,sun,2.15000,13.870940,0.06190,,,2015-12-02 09:54:41+00:00,"Plant could not be found matching {""species_code__species_code__iexact"": ""T66"", ""plant_number__iexact"": ""419""}"
143,Tiputini,2013,jul,25,500,T66,mat,sap,shade,2.74000,17.677384,0.06740,,,2015-12-08 12:35:00+00:00,"Plant could not be found matching {""species_code__species_code__iexact"": ""T66"", ""plant_number__iexact"": ""500""}"
149,Tiputini,2013,jul,26,542,T61,mat,sap,sun,2.00000,12.903200,0.11460,,,2015-12-08 12:15:23+00:00,"Plant could not be found matching {""species_code__species_code__iexact"": ""T61"", ""plant_number__iexact"": ""542""}"
152,Tiputini,2013,jul,26,532,T61,mat,sap,sun,1.85000,11.935460,0.11130,,,2015-12-08 12:16:51+00:00,"Plant could not be found matching {""species_code__species_code__iexact"": ""T61"", ""plant_number__iexact"": ""532""}"
166,Tiputini,2013,jul,29,590,T21,mat,sap,shade,1.21000,7.806436,0.04250,,,2015-12-08 11:19:44+00:00,"Plant could not be found matching {""species_code__species_code__iexact"": ""T21"", ""plant_number__iexact"": ""590""}"
167,Tiputini,2013,jul,29,584,T34,mat,sap,sun,2.42000,15.612872,0.11050,,,2015-12-08 11:41:41+00:00,"Plant could not be found matching {""species_code__species_code__iexact"": ""T34"", ""plant_number__iexact"": ""584""}"
172,Tiputini,2013,jul,30,626,T61,mat,sap,shade,2.30000,14.838680,0.08690,,,2015-12-09 09:23:34+00:00,"Plant could not be found matching {""species_code__species_code__iexact"": ""T61"", ""plant_number__iexact"": ""626""}"
182,Tiputini,2013,aug,1,668,T37,mat,sap,sun,1.30000,8.387080,0.06750,,,2015-12-08 11:45:55+00:00,"Plant could not be found matching {""species_code__species_code__iexact"": ""T37"", ""plant_number__iexact"": ""668""}"
196,Tiputini,2013,aug,5,732,T67,mat,sap,shade,1.91000,12.322556,0.03870,,,2015-12-09 09:36:52+00:00,"Plant could not be found matching {""species_code__species_code__iexact"": ""T67"", ""plant_number__iexact"": ""732""}"
209,Tiputini,2013,aug,8,307,T26,mat,sap,shade,1.42000,9.161272,0.05770,,,2015-12-01 12:27:13+00:00,"Plant could not be found matching {""species_code__species_code__iexact"": ""T26"", ""plant_number__iexact"": ""307""}"
227,Tiputini,2013,aug,13,853,T10,mat,sap,sun,1.35000,8.709660,0.06880,,,2015-12-02 08:32:02+00:00,"Plant could not be found matching {""species_code__species_code__iexact"": ""T10"", ""plant_number__iexact"": ""853""}"
229,Tiputini,2013,aug,14,865,T34,mat,sap,sun,1.50000,9.677400,0.08650,,,2015-12-02 09:01:04+00:00,"Plant could not be found matching {""species_code__species_code__iexact"": ""T34"", ""plant_number__iexact"": ""865""}"
1236,Tiputini,0,2014,0,12,457,T06,mat,sap,0.00000,1.600000,10.32000,0.09230000,0.00894158,2016-01-16 14:13:57+00:00,"Plant could not be found matching {""species_code__species_code__iexact"": ""457"", ""plant_number__iexact"": ""12""}"
1237,Tiputini,0,2014,0,8,11,T06,mat,sap,0.00000,2.395000,15.45000,0.08230000,0.005326315,2016-01-16 14:13:57+00:00,"Plant could not be found matching {""species_code__species_code__iexact"": ""11"", ""plant_number__iexact"": ""8""}"
1238,Tiputini,0,2014,0,21,1542,T07,mat,sap,0.00000,1.800000,11.61000,0.06680000,0.005752234,2016-01-16 14:13:57+00:00,"Plant could not be found matching {""species_code__species_code__iexact"": ""1542"", ""plant_number__iexact"": ""21""}"
1239,Tiputini,0,2014,0,8,1245,T07,mat,sap,0.00000,1.870000,12.06000,0.05420000,0.004492522,2016-01-16 14:13:57+00:00,"Plant could not be found matching {""species_code__species_code__iexact"": ""1245"", ""plant_number__iexact"": ""8""}"
1240,Tiputini,0,2014,0,27,1011,T07,mat,sap,0.00000,2.090000,13.48000,0.08560000,0.006348338,2016-01-16 14:13:57+00:00,"Plant could not be found matching {""species_code__species_code__iexact"": ""1011"", ""plant_number__iexact"": ""27""}"
1241,Tiputini,0,2014,0,21,1542,T07,mat,sap,0.00000,0.000000,11.61000,0.03900000,0.003359173,2016-01-16 14:13:57+00:00,"Plant could not be found matching {""species_code__species_code__iexact"": ""1542"", ""plant_number__iexact"": ""21""}"
1242,Tiputini,0,2014,0,14,2033,T09,mat,sap,0.00000,1.930000,12.45000,0.06390000,0.005131876,2016-01-16 14:13:57+00:00,"Plant could not be found matching {""species_code__species_code__iexact"": ""2033"", ""plant_number__iexact"": ""14""}"
1243,Tiputini,0,2014,0,13,1342,T09,mat,sap,0.00000,2.050000,13.23000,0.07470000,0.00564806,2016-01-16 14:13:57+00:00,"Plant could not be found matching {""species_code__species_code__iexact"": ""1342"", ""plant_number__iexact"": ""13""}"
1244,Tiputini,0,2014,0,12,1331,T09,mat,sap,0.00000,1.890000,12.19000,0.05490000,0.00450239,2016-01-16 14:13:57+00:00,"Plant could not be found matching {""species_code__species_code__iexact"": ""1331"", ""plant_number__iexact"": ""12""}"
1245,Tiputini,0,2014,0,12,1978,T10,mat,sap,0.00000,1.400000,9.03000,0.05170000,0.00572394,2016-01-16 14:13:57+00:00,"Plant could not be found matching {""species_code__species_code__iexact"": ""1978"", ""plant_number__iexact"": ""12""}"
1246,Tiputini,0,2014,0,12,1977,T11,mat,sap,0.00000,1.880000,12.13000,0.04780000,0.003940965,2016-01-16 14:13:57+00:00,"Plant could not be found matching {""species_code__species_code__iexact"": ""1977"", ""plant_number__iexact"": ""12""}"
1247,Tiputini,0,2014,0,11,1962,T11,mat,sap,0.00000,3.770000,24.32000,0.09130000,0.003753721,2016-01-16 14:13:57+00:00,"Plant could not be found matching {""species_code__species_code__iexact"": ""1962"", ""plant_number__iexact"": ""11""}"
1248,Tiputini,0,2014,0,21,1532,T11,mat,sap ,0.00000,3.600000,23.23000,0.17660000,0.007603626,2016-01-16 14:13:57+00:00,"Plant could not be found matching {""species_code__species_code__iexact"": ""1532"", ""plant_number__iexact"": ""21""}"
1249,Tiputini,0,2014,0,14,1360,T11,mat,sap,0.00000,1.000000,6.55000,0.02290000,0.003496183,2016-01-16 14:13:57+00:00,"Plant could not be found matching {""species_code__species_code__iexact"": ""1360"", ""plant_number__iexact"": ""14""}"
1250,Tiputini,0,2014,0,31,1096,T11,mat,sap,0.00000,2.930000,18.90000,0.10800000,0.005713322,2016-01-16 14:13:57+00:00,"Plant could not be found matching {""species_code__species_code__iexact"": ""1096"", ""plant_number__iexact"": ""31""}"
1251,Tiputini,0,2014,0,31,1091,T11,mat,sap,0.00000,2.475000,15.97000,0.07230000,0.004527888,2016-01-16 14:13:57+00:00,"Plant could not be found matching {""species_code__species_code__iexact"": ""1091"", ""plant_number__iexact"": ""31""}"
1252,Tiputini,0,2014,0,29,1030,T11,mat,sap,0.00000,2.530000,16.32000,0.07150000,0.004380444,2016-01-16 14:13:57+00:00,"Plant could not be found matching {""species_code__species_code__iexact"": ""1030"", ""plant_number__iexact"": ""29""}"
1253,Tiputini,0,2014,0,10,1282,T12,mat,sap,0.00000,1.875000,12.10000,0.04070000,0.00336454,2016-01-16 14:13:57+00:00,"Plant could not be found matching {""species_code__species_code__iexact"": ""1282"", ""plant_number__iexact"": ""10""}"
1254,Tiputini,0,2014,0,31,1085,T12,mat,sap,0.00000,1.850000,11.94000,0.03750000,0.003141898,2016-01-16 14:13:57+00:00,"Plant could not be found matching {""species_code__species_code__iexact"": ""1085"", ""plant_number__iexact"": ""31""}"
1255,Tiputini,0,2014,0,31,1084,T12,mat,sap,0.00000,2.570000,16.58000,0.06270000,0.003781525,2016-01-16 14:13:57+00:00,"Plant could not be found matching {""species_code__species_code__iexact"": ""1084"", ""plant_number__iexact"": ""31""}"
1256,Tiputini,0,2014,0,14,641,T12,mat,sap,0.00000,3.345000,21.58000,0.05780000,0.002678331,2016-01-16 14:13:57+00:00,"Plant could not be found matching {""species_code__species_code__iexact"": ""641"", ""plant_number__iexact"": ""14""}"
1257,Tiputini,0,2014,0,10,90,T12,mat,sap,0.00000,2.700000,17.42000,0.08960000,0.005143714,2016-01-16 14:13:57+00:00,"Plant could not be found matching {""species_code__species_code__iexact"": ""90"", ""plant_number__iexact"": ""10""}"
1258,Tiputini,0,2014,0,2,1153,T12,mat,sap,0.00000,0.000000,15.87000,0.06070000,0.003824827,2016-01-16 14:13:57+00:00,"Plant could not be found matching {""species_code__species_code__iexact"": ""1153"", ""plant_number__iexact"": ""2""}"
1259,Tiputini,0,2014,0,12,1328,T18,mat,sap,0.00000,2.330000,15.03000,0.07880000,0.005242071,2016-01-16 14:13:57+00:00,"Plant could not be found matching {""species_code__species_code__iexact"": ""1328"", ""plant_number__iexact"": ""12""}"
1260,Tiputini,0,2014,0,28,1023,T18,mat,sap,0.00000,2.200000,14.19000,0.05970000,0.004206145,2016-01-16 14:13:57+00:00,"Plant could not be found matching {""species_code__species_code__iexact"": ""1023"", ""plant_number__iexact"": ""28""}"
1261,Tiputini,0,2014,0,4,1175,T19,mat,sap,0.00000,1.630000,10.52000,0.06170000,0.00586719,2016-01-16 14:13:57+00:00,"Plant could not be found matching {""species_code__species_code__iexact"": ""1175"", ""plant_number__iexact"": ""4""}"
1262,Tiputini,0,2014,0,12,1315,T20,mat,sap,0.00000,1.630000,10.52000,0.05330000,0.005068415,2016-01-16 14:13:57+00:00,"Plant could not be found matching {""species_code__species_code__iexact"": ""1315"", ""plant_number__iexact"": ""12""}"
1263,Tiputini,0,2014,0,4,681,T21,mat,sap,0.00000,3.095000,19.97000,0.12040000,0.006029737,2016-01-16 14:13:57+00:00,"Plant could not be found matching {""species_code__species_code__iexact"": ""681"", ""plant_number__iexact"": ""4""}"
1264,Tiputini,0,2014,0,12,439,T21,mat,sap,0.00000,1.550000,10.00000,0.06150000,0.006150012,2016-01-16 14:13:57+00:00,"Plant could not be found matching {""species_code__species_code__iexact"": ""439"", ""plant_number__iexact"": ""12""}"
1265,Tiputini,0,2014,0,7,343,T21,mat,sap,0.00000,1.800000,11.61000,0.05580000,0.00480501,2016-01-16 14:13:57+00:00,"Plant could not be found matching {""species_code__species_code__iexact"": ""343"", ""plant_number__iexact"": ""7""}"
1266,Tiputini,0,2014,0,8,1238,T22,mat,sap,0.00000,2.390000,15.42000,0.07180000,0.004656495,2016-01-16 14:13:57+00:00,"Plant could not be found matching {""species_code__species_code__iexact"": ""1238"", ""plant_number__iexact"": ""8""}"
1267,Tiputini,0,2014,0,28,767,T23,mat,sap,0.00000,2.270000,14.65000,0.06710000,0.004581727,2016-01-16 14:13:57+00:00,"Plant could not be found matching {""species_code__species_code__iexact"": ""767"", ""plant_number__iexact"": ""28""}"
1268,Tiputini,0,2014,0,2,1151,T23,mat,sap,0.00000,0.000000,6.97000,0.03390000,0.004863702,2016-01-16 14:13:57+00:00,"Plant could not be found matching {""species_code__species_code__iexact"": ""1151"", ""plant_number__iexact"": ""2""}"
1269,Tiputini,0,2014,0,28,1694,T25,mat,sap,0.00000,2.960000,19.10000,0.09170000,0.004801868,2016-01-16 14:13:57+00:00,"Plant could not be found matching {""species_code__species_code__iexact"": ""1694"", ""plant_number__iexact"": ""28""}"
1270,Tiputini,0,2014,0,20,1511,T25,mat,sap,0.00000,3.520000,22.71000,0.08890000,0.003914639,2016-01-16 14:13:57+00:00,"Plant could not be found matching {""species_code__species_code__iexact"": ""1511"", ""plant_number__iexact"": ""20""}"
1271,Tiputini,0,2014,0,5,1193,T25,mat,sap,0.00000,1.100000,7.10000,0.02680000,0.003776371,2016-01-16 14:13:57+00:00,"Plant could not be found matching {""species_code__species_code__iexact"": ""1193"", ""plant_number__iexact"": ""5""}"
1272,Tiputini,0,2014,0,16,2045,T26,mat,sap,0.00000,0.760000,4.90000,0.03310000,0.006750671,2016-01-16 14:13:57+00:00,"Plant could not be found matching {""species_code__species_code__iexact"": ""2045"", ""plant_number__iexact"": ""16""}"
1273,Tiputini,0,2014,0,20,1506,T26,mat,sap,0.00000,1.820000,11.74000,0.04900000,0.004173085,2016-01-16 14:13:57+00:00,"Plant could not be found matching {""species_code__species_code__iexact"": ""1506"", ""plant_number__iexact"": ""20""}"
1274,Tiputini,0,2014,0,19,1453,T26,mat,sap,0.00000,2.890000,18.65000,0.12060000,0.006468179,2016-01-16 14:13:57+00:00,"Plant could not be found matching {""species_code__species_code__iexact"": ""1453"", ""plant_number__iexact"": ""19""}"
1275,Tiputini,0,2014,0,11,1299,T26,mat,sap,0.00000,1.500000,9.68000,0.04620000,0.00477401,2016-01-16 14:13:57+00:00,"Plant could not be found matching {""species_code__species_code__iexact"": ""1299"", ""plant_number__iexact"": ""11""}"
1276,Tiputini,0,2014,0,7,1227,T26,mat,sap,0.00000,2.040000,13.16000,0.07620000,0.005789717,2016-01-16 14:13:57+00:00,"Plant could not be found matching {""species_code__species_code__iexact"": ""1227"", ""plant_number__iexact"": ""7""}"
1277,Tiputini,0,2014,0,1,307,T26,mat,sap,0.00000,2.090000,13.48000,0.05930000,0.004397856,2016-01-16 14:13:57+00:00,"Plant could not be found matching {""species_code__species_code__iexact"": ""307"", ""plant_number__iexact"": ""1""}"
1278,Tiputini,0,2014,0,12,1972,T28,mat,sap,0.00000,2.580000,16.65000,0.09850000,0.005917647,2016-01-16 14:13:57+00:00,"Plant could not be found matching {""species_code__species_code__iexact"": ""1972"", ""plant_number__iexact"": ""12""}"
1279,Tiputini,0,2014,0,10,1273,T30,mat,sap,0.00000,0.650000,4.19000,0.02370000,0.00565155,2016-01-16 14:13:57+00:00,"Plant could not be found matching {""species_code__species_code__iexact"": ""1273"", ""plant_number__iexact"": ""10""}"
1280,Tiputini,0,2014,0,2,1072,T30,mat,sap,0.00000,0.000000,8.65000,0.04480000,0.005179191,2016-01-16 14:13:57+00:00,"Plant could not be found matching {""species_code__species_code__iexact"": ""1072"", ""plant_number__iexact"": ""2""}"
1281,Tiputini,0,2014,0,29,1702,T34,mat,sap,0.00000,2.150000,13.87000,0.08940000,0.006445129,2016-01-16 14:13:57+00:00,"Plant could not be found matching {""species_code__species_code__iexact"": ""1702"", ""plant_number__iexact"": ""29""}"
1282,Tiputini,0,2014,0,19,1486,T34,mat,sap,0.00000,1.910000,12.32000,0.07770000,0.00630551,2016-01-16 14:13:57+00:00,"Plant could not be found matching {""species_code__species_code__iexact"": ""1486"", ""plant_number__iexact"": ""19""}"
1283,Tiputini,0,2014,0,19,1479,T34,mat,sap,0.00000,2.760000,17.81000,0.12260000,0.006885159,2016-01-16 14:13:57+00:00,"Plant could not be found matching {""species_code__species_code__iexact"": ""1479"", ""plant_number__iexact"": ""19""}"
1284,Tiputini,0,2014,0,9,1265,T34,mat,sap,0.00000,2.350000,15.16000,0.10480000,0.006912354,2016-01-16 14:13:57+00:00,"Plant could not be found matching {""species_code__species_code__iexact"": ""1265"", ""plant_number__iexact"": ""9""}"
1285,Tiputini,0,2014,0,7,1233,T34,mat,sap,0.00000,2.150000,13.87000,0.08670000,0.006250478,2016-01-16 14:13:57+00:00,"Plant could not be found matching {""species_code__species_code__iexact"": ""1233"", ""plant_number__iexact"": ""7""}"
1286,Tiputini,0,2014,0,11,873,T34,mat,sap,0.00000,4.080000,26.32000,0.20220000,0.007681633,2016-01-16 14:13:57+00:00,"Plant could not be found matching {""species_code__species_code__iexact"": ""873"", ""plant_number__iexact"": ""11""}"
1287,Tiputini,0,2014,0,2,986,T34,mat,sap,0.00000,0.000000,19.35000,0.12500000,0.006459948,2016-01-16 14:13:57+00:00,"Plant could not be found matching {""species_code__species_code__iexact"": ""986"", ""plant_number__iexact"": ""2""}"
1288,Tiputini,0,2014,0,2,1141,T34,mat,sap,0.00000,0.000000,10.65000,0.05960000,0.005596244,2016-01-16 14:13:57+00:00,"Plant could not be found matching {""species_code__species_code__iexact"": ""1141"", ""plant_number__iexact"": ""2""}"
1289,Tiputini,0,2014,0,13,2005,T35,mat,sap,0.00000,2.680000,17.29000,0.15660000,0.009057108,2016-01-16 14:13:57+00:00,"Plant could not be found matching {""species_code__species_code__iexact"": ""2005"", ""plant_number__iexact"": ""13""}"
1290,Tiputini,0,2014,0,13,1335,T35,mat,sap,0.00000,2.730000,17.61000,0.11810000,0.006705325,2016-01-16 14:13:57+00:00,"Plant could not be found matching {""species_code__species_code__iexact"": ""1335"", ""plant_number__iexact"": ""13""}"
1291,Tiputini,0,2014,0,12,1329,T35,mat,sap,0.00000,2.610000,16.84000,0.10860000,0.006449438,2016-01-16 14:13:57+00:00,"Plant could not be found matching {""species_code__species_code__iexact"": ""1329"", ""plant_number__iexact"": ""12""}"
1292,Tiputini,0,2014,0,12,1313,T35,mat,sap,0.00000,1.990000,12.84000,0.09620000,0.00749298,2016-01-16 14:13:57+00:00,"Plant could not be found matching {""species_code__species_code__iexact"": ""1313"", ""plant_number__iexact"": ""12""}"
1293,Tiputini,0,2014,0,12,1312,T35,mat,sap,0.00000,2.110000,13.61000,0.09780000,0.007184375,2016-01-16 14:13:57+00:00,"Plant could not be found matching {""species_code__species_code__iexact"": ""1312"", ""plant_number__iexact"": ""12""}"
1294,Tiputini,0,2014,0,14,839,T35,mat,sap,0.00000,1.590000,10.26000,0.06720000,0.006550956,2016-01-16 14:13:57+00:00,"Plant could not be found matching {""species_code__species_code__iexact"": ""839"", ""plant_number__iexact"": ""14""}"
1295,Tiputini,0,2014,0,29,1717,T46,mat,sap,0.00000,1.100000,7.10000,0.05130000,0.007228651,2016-01-16 14:13:57+00:00,"Plant could not be found matching {""species_code__species_code__iexact"": ""1717"", ""plant_number__iexact"": ""29""}"
1296,Tiputini,0,2014,0,2,814,T46,mat,sap,0.00000,1.680000,10.84000,0.06510000,0.006006262,2016-01-16 14:13:57+00:00,"Plant could not be found matching {""species_code__species_code__iexact"": ""814"", ""plant_number__iexact"": ""2""}"
1297,Tiputini,0,2014,0,11,1958,T49,mat,sap,0.00000,1.580000,10.19000,0.03970000,0.003894628,2016-01-16 14:13:57+00:00,"Plant could not be found matching {""species_code__species_code__iexact"": ""1958"", ""plant_number__iexact"": ""11""}"
1298,Tiputini,0,2014,0,0,2024,T50,mat,sap,0.00000,1.700000,10.97000,0E-8,0,2016-01-16 14:13:57+00:00,"Plant could not be found matching {""species_code__species_code__iexact"": ""2024"", ""plant_number__iexact"": ""0""}"
1299,Tiputini,0,2014,0,29,1705,T50,mat,sap,0.00000,2.300000,14.84000,0.07220000,0.004865662,2016-01-16 14:13:57+00:00,"Plant could not be found matching {""species_code__species_code__iexact"": ""1705"", ""plant_number__iexact"": ""29""}"
1300,Tiputini,0,2014,0,18,1474,T50,mat,sap,0.00000,2.660000,17.16000,0.08840000,0.005151138,2016-01-16 14:13:57+00:00,"Plant could not be found matching {""species_code__species_code__iexact"": ""1474"", ""plant_number__iexact"": ""18""}"
1301,Tiputini,0,2014,0,1,1133,T50,mat,sap,0.00000,2.040000,13.16000,0.06720000,0.005105893,2016-01-16 14:13:57+00:00,"Plant could not be found matching {""species_code__species_code__iexact"": ""1133"", ""plant_number__iexact"": ""1""}"
1302,Tiputini,0,2014,0,1,1132,T50,mat,sap,0.00000,2.660000,17.16000,0.08960000,0.005221063,2016-01-16 14:13:57+00:00,"Plant could not be found matching {""species_code__species_code__iexact"": ""1132"", ""plant_number__iexact"": ""1""}"
1303,Tiputini,0,2014,0,28,1022,T50,mat,sap,0.00000,1.590000,10.26000,0.07290000,0.007106618,2016-01-16 14:13:57+00:00,"Plant could not be found matching {""species_code__species_code__iexact"": ""1022"", ""plant_number__iexact"": ""28""}"
1304,Tiputini,0,2014,0,21,778,T50,mat,sap,0.00000,3.400000,21.94000,0.15160000,0.00691119,2016-01-16 14:13:57+00:00,"Plant could not be found matching {""species_code__species_code__iexact"": ""778"", ""plant_number__iexact"": ""21""}"
1305,Tiputini,0,2014,0,2,1796,T51,mat,sap,0.00000,1.230000,7.94000,0.03850000,0.004851636,2016-01-16 14:13:57+00:00,"Plant could not be found matching {""species_code__species_code__iexact"": ""1796"", ""plant_number__iexact"": ""2""}"
1306,Tiputini,0,2014,0,2,1752,T51,mat,sap,0.00000,2.800000,18.06000,0.08100000,0.004483938,2016-01-16 14:13:57+00:00,"Plant could not be found matching {""species_code__species_code__iexact"": ""1752"", ""plant_number__iexact"": ""2""}"
1307,Tiputini,0,2014,0,31,1751,T51,mat,sap,0.00000,1.830000,11.81000,0.06460000,0.005471596,2016-01-16 14:13:57+00:00,"Plant could not be found matching {""species_code__species_code__iexact"": ""1751"", ""plant_number__iexact"": ""31""}"
1308,Tiputini,0,2014,0,2,1751,T51,mat,sap,0.00000,2.570000,16.58000,0.08230000,0.004963629,2016-01-16 14:13:57+00:00,"Plant could not be found matching {""species_code__species_code__iexact"": ""1751"", ""plant_number__iexact"": ""2""}"
1309,Tiputini,0,2014,0,15,1391,T56,mat,sap,0.00000,1.780000,11.48000,0.08040000,0.007001138,2016-01-16 14:13:57+00:00,"Plant could not be found matching {""species_code__species_code__iexact"": ""1391"", ""plant_number__iexact"": ""15""}"
1310,Tiputini,0,2014,0,5,1202,T56,mat,sap,0.00000,0.960000,6.19000,0.03000000,0.00484376,2016-01-16 14:13:57+00:00,"Plant could not be found matching {""species_code__species_code__iexact"": ""1202"", ""plant_number__iexact"": ""5""}"
1311,Tiputini,0,2014,0,12,1320,T57,mat,sap,0.00000,1.990000,12.84000,0.05030000,0.003917847,2016-01-16 14:13:57+00:00,"Plant could not be found matching {""species_code__species_code__iexact"": ""1320"", ""plant_number__iexact"": ""12""}"
1312,Tiputini,0,2014,0,4,1187,T57,mat,sap,0.00000,2.300000,14.84000,0.04910000,0.00330892,2016-01-16 14:13:57+00:00,"Plant could not be found matching {""species_code__species_code__iexact"": ""1187"", ""plant_number__iexact"": ""4""}"
1313,Tiputini,0,2014,0,31,1090,T57,mat,sap,0.00000,2.000000,12.90000,0.04720000,0.003658007,2016-01-16 14:13:57+00:00,"Plant could not be found matching {""species_code__species_code__iexact"": ""1090"", ""plant_number__iexact"": ""31""}"
1314,Tiputini,0,2014,0,30,1052,T57,mat,sap,0.00000,2.010000,12.97000,0.04170000,0.003215678,2016-01-16 14:13:57+00:00,"Plant could not be found matching {""species_code__species_code__iexact"": ""1052"", ""plant_number__iexact"": ""30""}"
1315,Tiputini,0,2014,0,0,1339,T58,mat,sap,0.00000,1.630000,10.52000,0E-8,0,2016-01-16 14:13:57+00:00,"Plant could not be found matching {""species_code__species_code__iexact"": ""1339"", ""plant_number__iexact"": ""0""}"
1316,Tiputini,0,2014,0,12,1327,T58,mat,sap,0.00000,2.230000,14.39000,0.05560000,0.003864582,2016-01-16 14:13:57+00:00,"Plant could not be found matching {""species_code__species_code__iexact"": ""1327"", ""plant_number__iexact"": ""12""}"
1317,Tiputini,0,2014,0,6,1212,T58,mat,sap,0.00000,2.930000,18.90000,0.06980000,0.003692499,2016-01-16 14:13:57+00:00,"Plant could not be found matching {""species_code__species_code__iexact"": ""1212"", ""plant_number__iexact"": ""6""}"
1318,Tiputini,0,2014,0,6,1210,T58,mat,sap,0.00000,3.010000,19.42000,0.08320000,0.004284394,2016-01-16 14:13:57+00:00,"Plant could not be found matching {""species_code__species_code__iexact"": ""1210"", ""plant_number__iexact"": ""6""}"
1319,Tiputini,0,2014,0,29,815,T61,mat,sap,0.00000,2.720000,17.55000,0.14080000,0.008023545,2016-01-16 14:13:57+00:00,"Plant could not be found matching {""species_code__species_code__iexact"": ""815"", ""plant_number__iexact"": ""29""}"
1320,Tiputini,0,2014,0,29,1704,T73,mat,sap,0.00000,1.400000,9.03000,0.03580000,0.003963579,2016-01-16 14:13:57+00:00,"Plant could not be found matching {""species_code__species_code__iexact"": ""1704"", ""plant_number__iexact"": ""29""}"
1321,Tiputini,0,2014,0,19,1487,T63,mat,sap,0.00000,1.440000,9.29000,0.03890000,0.004187161,2016-01-16 14:13:57+00:00,"Plant could not be found matching {""species_code__species_code__iexact"": ""1487"", ""plant_number__iexact"": ""19""}"
1322,Tiputini,0,2014,0,9,1254,T65,mat,sap,0.00000,2.110000,13.61000,0.06450000,0.004738161,2016-01-16 14:13:57+00:00,"Plant could not be found matching {""species_code__species_code__iexact"": ""1254"", ""plant_number__iexact"": ""9""}"
1323,Tiputini,0,2014,0,5,204,T66,mat,sap,0.00000,1.585000,10.23000,0.03990000,0.003901901,2016-01-16 14:13:57+00:00,"Plant could not be found matching {""species_code__species_code__iexact"": ""204"", ""plant_number__iexact"": ""5""}"
1324,Tiputini,0,2014,0,11,364,T67,mat,sap,0.00000,1.090000,7.03000,0.03300000,0.00469267,2016-01-16 14:13:57+00:00,"Plant could not be found matching {""species_code__species_code__iexact"": ""364"", ""plant_number__iexact"": ""11""}"
1325,Tiputini,0,2014,0,3,1825,T68,mat,adult,0.00000,1.110000,7.16000,0.04380000,0.006116228,2016-01-16 14:13:57+00:00,"Plant could not be found matching {""species_code__species_code__iexact"": ""1825"", ""plant_number__iexact"": ""3""}"
1326,Tiputini,0,2014,0,6,1852,T70,mat,sap,0.00000,2.700000,17.42000,0.11490000,0.006596124,2016-01-16 14:13:57+00:00,"Plant could not be found matching {""species_code__species_code__iexact"": ""1852"", ""plant_number__iexact"": ""6""}"
1327,Tiputini,0,2014,0,13,1351,T70,mat,sap,0.00000,1.830000,11.81000,0.06630000,0.005615585,2016-01-16 14:13:57+00:00,"Plant could not be found matching {""species_code__species_code__iexact"": ""1351"", ""plant_number__iexact"": ""13""}"
1328,Tiputini,0,2014,0,31,1111,T70,mat,sap,0.00000,2.430000,15.68000,0.09630000,0.006142605,2016-01-16 14:13:57+00:00,"Plant could not be found matching {""species_code__species_code__iexact"": ""1111"", ""plant_number__iexact"": ""31""}"
1329,Tiputini,0,2014,0,16,1048,T70,mat,sap,0.00000,2.110000,13.61000,0.06170000,0.004532474,2016-01-16 14:13:57+00:00,"Plant could not be found matching {""species_code__species_code__iexact"": ""1048"", ""plant_number__iexact"": ""16""}"
1330,Tiputini,0,2014,0,30,1044,T70,mat,sap,0.00000,2.080000,13.42000,0.09180000,0.006840879,2016-01-16 14:13:57+00:00,"Plant could not be found matching {""species_code__species_code__iexact"": ""1044"", ""plant_number__iexact"": ""30""}"
1331,Tiputini,0,2014,0,29,1042,T70,mat,sap,0.00000,1.470000,9.48000,0.05520000,0.00582042,2016-01-16 14:13:57+00:00,"Plant could not be found matching {""species_code__species_code__iexact"": ""1042"", ""plant_number__iexact"": ""29""}"
1332,Tiputini,0,2014,0,14,840,T70,mat,sap,0.00000,1.850000,11.94000,0.07510000,0.006292175,2016-01-16 14:13:57+00:00,"Plant could not be found matching {""species_code__species_code__iexact"": ""840"", ""plant_number__iexact"": ""14""}"
1333,Tiputini,0,2014,0,2,1148,T70,mat,sap,0.00000,0.000000,16.32000,0.08350000,0.005116422,2016-01-16 14:13:57+00:00,"Plant could not be found matching {""species_code__species_code__iexact"": ""1148"", ""plant_number__iexact"": ""2""}"
1334,Tiputini,0,2014,0,20,1518,T71,mat,sap,0.00000,1.400000,9.03000,0.04120000,0.004561438,2016-01-16 14:13:57+00:00,"Plant could not be found matching {""species_code__species_code__iexact"": ""1518"", ""plant_number__iexact"": ""20""}"
1335,Tiputini,0,2014,0,0,1314,T71,mat,sap,0.00000,1.710000,11.03000,0E-8,0,2016-01-16 14:13:57+00:00,"Plant could not be found matching {""species_code__species_code__iexact"": ""1314"", ""plant_number__iexact"": ""0""}"
1336,Tiputini,0,2014,0,0,1721,T72,mat,sap,0.00000,1.570000,10.13000,0E-8,0,2016-01-16 14:13:57+00:00,"Plant could not be found matching {""species_code__species_code__iexact"": ""1721"", ""plant_number__iexact"": ""0""}"
1337,Tiputini,0,2014,0,3,1824,T72,mat,sap,0.00000,0.000000,12.13000,0.07570000,0.006240725,2016-01-16 14:13:57+00:00,"Plant could not be found matching {""species_code__species_code__iexact"": ""1824"", ""plant_number__iexact"": ""3""}"
1338,Tiputini,0,2014,0,27,1010,T78,mat,sap,0.00000,0.000000,14.39000,0.07220000,0.005017373,2016-01-16 14:13:57+00:00,"Plant could not be found matching {""species_code__species_code__iexact"": ""1010"", ""plant_number__iexact"": ""27""}"
1339,Tiputini,0,2014,0,27,1009,T78,mat,sap,0.00000,2.240000,14.45000,0.07190000,0.004975233,2016-01-16 14:13:57+00:00,"Plant could not be found matching {""species_code__species_code__iexact"": ""1009"", ""plant_number__iexact"": ""27""}"
1340,Tiputini,0,2014,0,12,1323,T79,mat,sap,0.00000,1.890000,12.19000,0.06160000,0.005051862,2016-01-16 14:13:57+00:00,"Plant could not be found matching {""species_code__species_code__iexact"": ""1323"", ""plant_number__iexact"": ""12""}"
1341,Tiputini,0,2014,0,30,1057,T79,mat,sap,0.00000,2.220000,14.32000,0.08340000,0.005822985,2016-01-16 14:13:57+00:00,"Plant could not be found matching {""species_code__species_code__iexact"": ""1057"", ""plant_number__iexact"": ""30""}"
1342,Tiputini,0,2014,0,30,1054,T79,mat,sap,0.00000,2.090000,13.48000,0.05610000,0.004160535,2016-01-16 14:13:57+00:00,"Plant could not be found matching {""species_code__species_code__iexact"": ""1054"", ""plant_number__iexact"": ""30""}"
1343,Tiputini,0,2014,0,2,1147,T79,mat,sap,0.00000,0.000000,9.87000,0.05600000,0.005673759,2016-01-16 14:13:57+00:00,"Plant could not be found matching {""species_code__species_code__iexact"": ""1147"", ""plant_number__iexact"": ""2""}"
1344,Tiputini,0,2014,0,2,1150,T79,mat,sap,0.00000,0.000000,13.87000,0.07160000,0.005162221,2016-01-16 14:13:57+00:00,"Plant could not be found matching {""species_code__species_code__iexact"": ""1150"", ""plant_number__iexact"": ""2""}"
1345,Tiputini,0,2014,0,6,1219,T80,mat,sap,0.00000,1.780000,11.48000,0.07270000,0.006330631,2016-01-16 14:13:57+00:00,"Plant could not be found matching {""species_code__species_code__iexact"": ""1219"", ""plant_number__iexact"": ""6""}"
1346,Tiputini,0,2014,0,3,1816,T80,mat,sap,0.00000,0.000000,16.45000,0.11490000,0.006984802,2016-01-16 14:13:57+00:00,"Plant could not be found matching {""species_code__species_code__iexact"": ""1816"", ""plant_number__iexact"": ""3""}"
1347,Tiputini,0,2014,0,3,1826,T82,mat,adult,0.00000,1.075000,6.94000,0.03310000,0.004772568,2016-01-16 14:13:57+00:00,"Plant could not be found matching {""species_code__species_code__iexact"": ""1826"", ""plant_number__iexact"": ""3""}"
1348,Tiputini,0,2014,0,25,1628,T82,mat,adult,0.00000,2.030000,13.10000,0.08080000,0.00616947,2016-01-16 14:13:57+00:00,"Plant could not be found matching {""species_code__species_code__iexact"": ""1628"", ""plant_number__iexact"": ""25""}"
1349,Tiputini,0,2014,0,25,1255,T82,mat,adult,0.00000,1.960000,12.65000,0.07010000,0.005543634,2016-01-16 14:13:57+00:00,"Plant could not be found matching {""species_code__species_code__iexact"": ""1255"", ""plant_number__iexact"": ""25""}"
1350,Tiputini,0,2014,0,3,1819,T82,mat,sap,0.00000,0.000000,11.81000,0.05180000,0.004386113,2016-01-16 14:13:57+00:00,"Plant could not be found matching {""species_code__species_code__iexact"": ""1819"", ""plant_number__iexact"": ""3""}"
1351,Tiputini,0,2014,0,6,1865,T83,mat,sap,0.00000,1.600000,10.32000,0.06400000,0.006200012,2016-01-16 14:13:57+00:00,"Plant could not be found matching {""species_code__species_code__iexact"": ""1865"", ""plant_number__iexact"": ""6""}"
1352,Tiputini,0,2014,0,30,1727,T84,mat,sap,0.00000,0.000000,14.52000,0.07980000,0.005495868,2016-01-16 14:13:57+00:00,"Plant could not be found matching {""species_code__species_code__iexact"": ""1727"", ""plant_number__iexact"": ""30""}"
1353,Tiputini,0,2014,0,10,1930,T85,mat,sap,0.00000,0.320000,2.06000,0.00880000,0.004262509,2016-01-16 14:13:57+00:00,"Plant could not be found matching {""species_code__species_code__iexact"": ""1930"", ""plant_number__iexact"": ""10""}"
1354,Tiputini,0,2014,0,2,1803,T85,mat,sap,0.00000,1.425000,9.19000,0.03320000,0.003611235,2016-01-16 14:13:57+00:00,"Plant could not be found matching {""species_code__species_code__iexact"": ""1803"", ""plant_number__iexact"": ""2""}"
1355,Tiputini,0,2014,0,2,1801,T85,mat,sap,0.00000,2.130000,13.74000,0.05040000,0.003667613,2016-01-16 14:13:57+00:00,"Plant could not be found matching {""species_code__species_code__iexact"": ""1801"", ""plant_number__iexact"": ""2""}"
1356,Tiputini,0,2014,0,2,1800,T85,mat,sap,0.00000,0.800000,5.16000,0.01800000,0.003487507,2016-01-16 14:13:57+00:00,"Plant could not be found matching {""species_code__species_code__iexact"": ""1800"", ""plant_number__iexact"": ""2""}"
1357,Tiputini,0,2014,0,13,2011,T86,mat,sap,0.00000,1.370000,8.84000,0.03920000,0.004435045,2016-01-16 14:13:57+00:00,"Plant could not be found matching {""species_code__species_code__iexact"": ""2011"", ""plant_number__iexact"": ""13""}"
1358,Tiputini,0,2014,0,10,1942,T86,mat,sap,0.00000,0.760000,4.90000,0.02000000,0.004078956,2016-01-16 14:13:57+00:00,"Plant could not be found matching {""species_code__species_code__iexact"": ""1942"", ""plant_number__iexact"": ""10""}"
1359,Tiputini,0,2014,0,10,1929,T86,mat,sap,0.00000,1.500000,9.68000,0.03990000,0.004123008,2016-01-16 14:13:57+00:00,"Plant could not be found matching {""species_code__species_code__iexact"": ""1929"", ""plant_number__iexact"": ""10""}"
1360,Tiputini,0,2014,0,2,1785,T86,mat,sap,0.00000,1.490000,9.61000,0.04330000,0.004504371,2016-01-16 14:13:57+00:00,"Plant could not be found matching {""species_code__species_code__iexact"": ""1785"", ""plant_number__iexact"": ""2""}"
1361,Tiputini,0,2014,0,2,1779,T86,mat,sap,0.00000,2.540000,16.39000,0.06870000,0.004192331,2016-01-16 14:13:57+00:00,"Plant could not be found matching {""species_code__species_code__iexact"": ""1779"", ""plant_number__iexact"": ""2""}"
1362,Tiputini,0,2014,0,2,1753,T86,mat,sap,0.00000,1.340000,8.65000,0.04870000,0.00563322,2016-01-16 14:13:57+00:00,"Plant could not be found matching {""species_code__species_code__iexact"": ""1753"", ""plant_number__iexact"": ""2""}"
1363,Tiputini,0,2014,0,3,1809,T86,mat,sap,0.00000,0.000000,22.19000,0.09070000,0.004087427,2016-01-16 14:13:57+00:00,"Plant could not be found matching {""species_code__species_code__iexact"": ""1809"", ""plant_number__iexact"": ""3""}"
1364,Tiputini,0,2014,0,28,267,T58,mat,sap,0.00000,0.000000,10.32000,0.03440000,0.003333333,2016-01-16 14:13:57+00:00,"Plant could not be found matching {""species_code__species_code__iexact"": ""267"", ""plant_number__iexact"": ""28""}"
1365,Tiputini,0,2014,0,3,1821,T84,mat,sap,0.00000,0.000000,12.39000,0.04360000,0.003518967,2016-01-16 14:13:57+00:00,"Plant could not be found matching {""species_code__species_code__iexact"": ""1821"", ""plant_number__iexact"": ""3""}"
1366,Tiputini,0,2014,0,2,1800,T85,mat,sap,0.00000,0.000000,5.16000,0.01800000,0.003488372,2016-01-16 14:13:57+00:00,"Plant could not be found matching {""species_code__species_code__iexact"": ""1800"", ""plant_number__iexact"": ""2""}"
