id,extraction_number,percent_tyrosine,link_to_file,calibration_number,month,day,year,notes,updated,error message
201,1750,ND,K:HPLC-ELSD:Tyrosine_HPLC_Data_2015_2016:8_28_2015,1,Aug,28,2015,EN1750-1767 were all rerun due to issues with column,2017-01-09 15:18:02+00:00,"Extraction could not be found matching {""extraction_number__iexact"": ""1750""}"
401,1751,ND,K:HPLC-ELSD:Tyrosine_HPLC_Data_2015_2016:8_28_2015,1,Aug,28,2015,EN1750-1767 were all rerun due to issues with column,2017-01-09 15:18:24+00:00,"Extraction could not be found matching {""extraction_number__iexact"": ""1751""}"
402,1752,5.55%,K:HPLC-ELSD:Tyrosine_HPLC_Data_2015_2016:8_28_2015,1,Aug,28,2015,EN1750-1767 were all rerun due to issues with column,2017-01-09 15:18:27+00:00,"Extraction could not be found matching {""extraction_number__iexact"": ""1752""}"
403,1753,9.07%,K:HPLC-ELSD:Tyrosine_HPLC_Data_2015_2016:8_28_2015,1,Aug,28,2015,EN1750-1767 were all rerun due to issues with column,2017-01-09 15:18:29+00:00,"Extraction could not be found matching {""extraction_number__iexact"": ""1753""}"
404,1754,ND,K:HPLC-ELSD:Tyrosine_HPLC_Data_2015_2016:8_28_2015,1,Aug,28,2015,EN1750-1767 were all rerun due to issues with column,2017-01-09 15:18:30+00:00,"Extraction could not be found matching {""extraction_number__iexact"": ""1754""}"
405,1755,10.64%,K:HPLC-ELSD:Tyrosine_HPLC_Data_2015_2016:8_28_2015,1,Aug,28,2015,EN1750-1767 were all rerun due to issues with column,2017-01-09 15:18:33+00:00,"Extraction could not be found matching {""extraction_number__iexact"": ""1755""}"
406,1756,ND,K:HPLC-ELSD:Tyrosine_HPLC_Data_2015_2016:8_28_2015,1,Aug,28,2015,EN1750-1767 were all rerun due to issues with column,2017-01-09 15:18:35+00:00,"Extraction could not be found matching {""extraction_number__iexact"": ""1756""}"
407,1757,ND,K:HPLC-ELSD:Tyrosine_HPLC_Data_2015_2016:8_28_2015,1,Aug,28,2015,EN1750-1767 were all rerun due to issues with column,2017-01-09 15:18:37+00:00,"Extraction could not be found matching {""extraction_number__iexact"": ""1757""}"
408,1758,ND,K:HPLC-ELSD:Tyrosine_HPLC_Data_2015_2016:8_28_2015,1,Aug,28,2015,EN1750-1767 were all rerun due to issues with column,2017-01-09 15:18:39+00:00,"Extraction could not be found matching {""extraction_number__iexact"": ""1758""}"
409,1759,10.36%,K:HPLC-ELSD:Tyrosine_HPLC_Data_2015_2016:8_28_2015,1,Aug,28,2015,EN1750-1767 were all rerun due to issues with column,2017-01-09 15:18:41+00:00,"Extraction could not be found matching {""extraction_number__iexact"": ""1759""}"
877,2017,11.06%,K:HPLC-ELSD:Tyrosine_HPLC_Data_2015_2016:2_01_2016,12,Feb,1,2016,,2017-01-04 14:51:17+00:00,"Extraction could not be found matching {""extraction_number__iexact"": ""2017""}"
964,2018,7.66%,K:HPLC-ELSD:Tyrosine_HPLC_Data_2015_2016:2_01_2016,12,Feb,1,2016,"Keep, duplicate extraction",2017-01-20 15:55:39+00:00,"Extraction could not be found matching {""extraction_number__iexact"": ""2018""}"
965,2019,3.78%,K:HPLC-ELSD:Tyrosine_HPLC_Data_2015_2016:2_01_2016,12,Feb,1,2016,"Keep, duplicate extraction",2017-01-20 15:56:19+00:00,"Extraction could not be found matching {""extraction_number__iexact"": ""2019""}"
966,2020,ND,K:HPLC-ELSD:Tyrosine_HPLC_Data_2015_2016:2_01_2016,12,Feb,1,2016,,2017-01-04 14:51:17+00:00,"Extraction could not be found matching {""extraction_number__iexact"": ""2020""}"
967,2021,ND,K:HPLC-ELSD:Tyrosine_HPLC_Data_2015_2016:2_01_2016,12,Feb,1,2016,,2017-01-04 14:51:17+00:00,"Extraction could not be found matching {""extraction_number__iexact"": ""2021""}"
968,2022,ND,K:HPLC-ELSD:Tyrosine_HPLC_Data_2015_2016:2_01_2016,12,Feb,1,2016,,2017-01-04 14:51:17+00:00,"Extraction could not be found matching {""extraction_number__iexact"": ""2022""}"
969,2023,ND,K:HPLC-ELSD:Tyrosine_HPLC_Data_2015_2016:2_01_2016,12,Feb,1,2016,,2017-01-04 14:51:17+00:00,"Extraction could not be found matching {""extraction_number__iexact"": ""2023""}"
970,2024,10.70%,K:HPLC-ELSD:Tyrosine_HPLC_Data_2015_2016:2_01_2016,12,Feb,1,2016,,2017-01-04 14:51:17+00:00,"Extraction could not be found matching {""extraction_number__iexact"": ""2024""}"
971,2025,9.89%,K:HPLC-ELSD:Tyrosine_HPLC_Data_2015_2016:2_01_2016,12,Feb,1,2016,,2017-01-04 14:51:17+00:00,"Extraction could not be found matching {""extraction_number__iexact"": ""2025""}"
972,2026,ND,K:HPLC-ELSD:Tyrosine_HPLC_Data_2015_2016:2_01_2016,12,Feb,1,2016,,2017-01-04 14:51:17+00:00,"Extraction could not be found matching {""extraction_number__iexact"": ""2026""}"
973,2027,ND,K:HPLC-ELSD:Tyrosine_HPLC_Data_2015_2016:2_03_2016,13,Feb,3,2016,,2017-01-04 14:51:17+00:00,"Extraction could not be found matching {""extraction_number__iexact"": ""2027""}"
974,2028,ND,K:HPLC-ELSD:Tyrosine_HPLC_Data_2015_2016:2_03_2016,13,Feb,3,2016,,2017-01-04 14:51:17+00:00,"Extraction could not be found matching {""extraction_number__iexact"": ""2028""}"
975,2029,ND,K:HPLC-ELSD:Tyrosine_HPLC_Data_2015_2016:2_03_2016,13,Feb,3,2016,,2017-01-04 14:51:17+00:00,"Extraction could not be found matching {""extraction_number__iexact"": ""2029""}"
976,2030,ND,K:HPLC-ELSD:Tyrosine_HPLC_Data_2015_2016:2_03_2016,13,Feb,3,2016,,2017-01-04 14:51:17+00:00,"Extraction could not be found matching {""extraction_number__iexact"": ""2030""}"
977,2031,ND,K:HPLC-ELSD:Tyrosine_HPLC_Data_2015_2016:2_03_2016,13,Feb,3,2016,"Keep, duplicate extraction",2017-01-20 15:58:26+00:00,"Extraction could not be found matching {""extraction_number__iexact"": ""2031""}"
978,2032,7.15%,K:HPLC-ELSD:Tyrosine_HPLC_Data_2015_2016:2_03_2016,13,Feb,3,2016,,2017-01-04 14:51:17+00:00,"Extraction could not be found matching {""extraction_number__iexact"": ""2032""}"
979,2033,8.40%,K:HPLC-ELSD:Tyrosine_HPLC_Data_2015_2016:2_03_2016,13,Feb,3,2016,,2017-01-04 14:51:17+00:00,"Extraction could not be found matching {""extraction_number__iexact"": ""2033""}"
980,2034,ND,K:HPLC-ELSD:Tyrosine_HPLC_Data_2015_2016:2_03_2016,13,Feb,3,2016,,2017-01-04 14:51:17+00:00,"Extraction could not be found matching {""extraction_number__iexact"": ""2034""}"
981,2035,ND,K:HPLC-ELSD:Tyrosine_HPLC_Data_2015_2016:2_03_2016,13,Feb,3,2016,,2017-01-04 14:51:17+00:00,"Extraction could not be found matching {""extraction_number__iexact"": ""2035""}"
982,2036,11.02%,K:HPLC-ELSD:Tyrosine_HPLC_Data_2015_2016:2_03_2016,13,Feb,3,2016,,2017-01-04 14:51:17+00:00,"Extraction could not be found matching {""extraction_number__iexact"": ""2036""}"
983,2037,ND,K:HPLC-ELSD:Tyrosine_HPLC_Data_2015_2016:2_08_2016,14,Feb,8,2016,,2017-01-04 14:51:17+00:00,"Extraction could not be found matching {""extraction_number__iexact"": ""2037""}"
984,2038,ND,K:HPLC-ELSD:Tyrosine_HPLC_Data_2015_2016:2_08_2016,14,Feb,8,2016,,2017-01-04 14:51:17+00:00,"Extraction could not be found matching {""extraction_number__iexact"": ""2038""}"
985,2039,ND,K:HPLC-ELSD:Tyrosine_HPLC_Data_2015_2016:2_08_2016,14,Feb,8,2016,,2017-01-04 14:51:17+00:00,"Extraction could not be found matching {""extraction_number__iexact"": ""2039""}"
986,2040,ND,K:HPLC-ELSD:Tyrosine_HPLC_Data_2015_2016:2_08_2016,14,Feb,8,2016,,2017-01-04 14:51:17+00:00,"Extraction could not be found matching {""extraction_number__iexact"": ""2040""}"
987,2041,4.94%,K:HPLC-ELSD:Tyrosine_HPLC_Data_2015_2016:2_08_2016,14,Feb,8,2016,"Drop, duplicate extraction",2017-01-20 15:59:21+00:00,"Extraction could not be found matching {""extraction_number__iexact"": ""2041""}"
988,2042,ND,K:HPLC-ELSD:Tyrosine_HPLC_Data_2015_2016:2_08_2016,14,Feb,8,2016,,2017-01-04 14:51:17+00:00,"Extraction could not be found matching {""extraction_number__iexact"": ""2042""}"
989,2043,ND,K:HPLC-ELSD:Tyrosine_HPLC_Data_2015_2016:2_08_2016,14,Feb,8,2016,,2017-01-04 14:51:17+00:00,"Extraction could not be found matching {""extraction_number__iexact"": ""2043""}"
990,2044,ND,K:HPLC-ELSD:Tyrosine_HPLC_Data_2015_2016:2_08_2016,14,Feb,8,2016,,2017-01-04 14:51:17+00:00,"Extraction could not be found matching {""extraction_number__iexact"": ""2044""}"
991,2045,ND,K:HPLC-ELSD:Tyrosine_HPLC_Data_2015_2016:2_08_2016,14,Feb,8,2016,,2017-01-04 14:51:17+00:00,"Extraction could not be found matching {""extraction_number__iexact"": ""2045""}"
992,2046,13.94%,K:HPLC-ELSD:Tyrosine_HPLC_Data_2015_2016:2_08_2016,14,Feb,8,2016,,2017-01-04 14:51:17+00:00,"Extraction could not be found matching {""extraction_number__iexact"": ""2046""}"
993,2050,ND,K:HPLC-ELSD:Tyrosine_HPLC_Data_2015_2016:2_17_2016,15,Feb,17,2016,,2017-01-04 14:51:17+00:00,"Extraction could not be found matching {""extraction_number__iexact"": ""2050""}"
994,2051,ND,K:HPLC-ELSD:Tyrosine_HPLC_Data_2015_2016:2_17_2016,15,Feb,17,2016,,2017-01-04 14:51:17+00:00,"Extraction could not be found matching {""extraction_number__iexact"": ""2051""}"
995,2052,ND,K:HPLC-ELSD:Tyrosine_HPLC_Data_2015_2016:2_17_2016,15,Feb,17,2016,,2017-01-04 14:51:17+00:00,"Extraction could not be found matching {""extraction_number__iexact"": ""2052""}"
996,2053,ND,K:HPLC-ELSD:Tyrosine_HPLC_Data_2015_2016:2_17_2016,15,Feb,17,2016,,2017-01-04 14:51:17+00:00,"Extraction could not be found matching {""extraction_number__iexact"": ""2053""}"
997,2054,ND,K:HPLC-ELSD:Tyrosine_HPLC_Data_2015_2016:2_17_2016,15,Feb,17,2016,,2017-01-04 14:51:17+00:00,"Extraction could not be found matching {""extraction_number__iexact"": ""2054""}"
998,2055,ND,K:HPLC-ELSD:Tyrosine_HPLC_Data_2015_2016:2_17_2016,15,Feb,17,2016,,2017-01-04 14:51:17+00:00,"Extraction could not be found matching {""extraction_number__iexact"": ""2055""}"
999,2056,ND,K:HPLC-ELSD:Tyrosine_HPLC_Data_2015_2016:2_17_2016,15,Feb,17,2016,,2017-01-04 14:51:17+00:00,"Extraction could not be found matching {""extraction_number__iexact"": ""2056""}"
1000,2057,ND,K:HPLC-ELSD:Tyrosine_HPLC_Data_2015_2016:2_17_2016,15,Feb,17,2016,,2017-01-04 14:51:17+00:00,"Extraction could not be found matching {""extraction_number__iexact"": ""2057""}"
1001,2058,ND,K:HPLC-ELSD:Tyrosine_HPLC_Data_2015_2016:2_17_2016,15,Feb,17,2016,,2017-01-04 14:51:17+00:00,"Extraction could not be found matching {""extraction_number__iexact"": ""2058""}"
1002,2059,ND,K:HPLC-ELSD:Tyrosine_HPLC_Data_2015_2016:2_17_2016,15,Feb,17,2016,,2017-01-04 14:51:17+00:00,"Extraction could not be found matching {""extraction_number__iexact"": ""2059""}"
1003,2060,ND,K:HPLC-ELSD:Tyrosine_HPLC_Data_2015_2016:2_17_2016,15,Feb,17,2016,,2017-01-04 14:51:17+00:00,"Extraction could not be found matching {""extraction_number__iexact"": ""2060""}"
1004,2061,ND,K:HPLC-ELSD:Tyrosine_HPLC_Data_2015_2016:2_17_2016,15,Feb,17,2016,,2017-01-04 14:51:17+00:00,"Extraction could not be found matching {""extraction_number__iexact"": ""2061""}"
1005,2062,ND,K:HPLC-ELSD:Tyrosine_HPLC_Data_2015_2016:2_23_2016,17,Feb,23,2016,,2017-01-04 14:51:17+00:00,"Extraction could not be found matching {""extraction_number__iexact"": ""2062""}"
1006,2063,ND,K:HPLC-ELSD:Tyrosine_HPLC_Data_2015_2016:2_23_2016,17,Feb,23,2016,,2017-01-04 14:51:17+00:00,"Extraction could not be found matching {""extraction_number__iexact"": ""2063""}"
1007,2064,13.38%,K:HPLC-ELSD:Tyrosine_HPLC_Data_2015_2016:2_23_2016,17,Feb,23,2016,Mature leaf from same plant run,2017-01-20 16:00:17+00:00,"Extraction could not be found matching {""extraction_number__iexact"": ""2064""}"
1008,2065,ND,K:HPLC-ELSD:Tyrosine_HPLC_Data_2015_2016:2_23_2016,17,Feb,23,2016,,2017-01-04 14:51:17+00:00,"Extraction could not be found matching {""extraction_number__iexact"": ""2065""}"
1009,2066,ND,K:HPLC-ELSD:Tyrosine_HPLC_Data_2015_2016:2_23_2016,17,Feb,23,2016,,2017-01-04 14:51:17+00:00,"Extraction could not be found matching {""extraction_number__iexact"": ""2066""}"
1010,2067,ND,K:HPLC-ELSD:Tyrosine_HPLC_Data_2015_2016:2_23_2016,17,Feb,23,2016,,2017-01-04 14:51:17+00:00,"Extraction could not be found matching {""extraction_number__iexact"": ""2067""}"
1011,2068,ND,K:HPLC-ELSD:Tyrosine_HPLC_Data_2015_2016:2_23_2016,17,Feb,23,2016,,2017-01-04 14:51:17+00:00,"Extraction could not be found matching {""extraction_number__iexact"": ""2068""}"
1012,2069,ND,K:HPLC-ELSD:Tyrosine_HPLC_Data_2015_2016:2_23_2016,17,Feb,23,2016,,2017-01-04 14:51:18+00:00,"Extraction could not be found matching {""extraction_number__iexact"": ""2069""}"
1013,2070,ND,K:HPLC-ELSD:Tyrosine_HPLC_Data_2015_2016:2_23_2016,17,Feb,23,2016,,2017-01-04 14:51:18+00:00,"Extraction could not be found matching {""extraction_number__iexact"": ""2070""}"
1014,2071,ND,K:HPLC-ELSD:Tyrosine_HPLC_Data_2015_2016:2_23_2016,17,Feb,23,2016,,2017-01-04 14:51:18+00:00,"Extraction could not be found matching {""extraction_number__iexact"": ""2071""}"
1015,2072,ND,K:HPLC-ELSD:Tyrosine_HPLC_Data_2015_2016:2_23_2016,17,Feb,23,2016,,2017-01-04 14:51:18+00:00,"Extraction could not be found matching {""extraction_number__iexact"": ""2072""}"
1016,2073,ND,K:HPLC-ELSD:Tyrosine_HPLC_Data_2015_2016:2_23_2016,17,Feb,23,2016,,2017-01-04 14:51:18+00:00,"Extraction could not be found matching {""extraction_number__iexact"": ""2073""}"
1017,2074,ND,K:HPLC-ELSD:Tyrosine_HPLC_Data_2015_2016:2_23_2016,17,Feb,23,2016,,2017-01-04 14:51:18+00:00,"Extraction could not be found matching {""extraction_number__iexact"": ""2074""}"
1018,2075,ND,K:HPLC-ELSD:Tyrosine_HPLC_Data_2015_2016:2_18_2016,16,Feb,18,2016,,2017-01-04 14:51:18+00:00,"Extraction could not be found matching {""extraction_number__iexact"": ""2075""}"
1019,2076,7.82%,K:HPLC-ELSD:Tyrosine_HPLC_Data_2015_2016:2_18_2016,16,Feb,18,2016,"Drop, duplicate extraction",2017-01-20 16:01:21+00:00,"Extraction could not be found matching {""extraction_number__iexact"": ""2076""}"
1020,2077,3.18%,K:HPLC-ELSD:Tyrosine_HPLC_Data_2015_2016:2_18_2016,16,Feb,18,2016,Mature leaf from same plant run,2017-01-20 16:02:25+00:00,"Extraction could not be found matching {""extraction_number__iexact"": ""2077""}"
1021,2078,ND,K:HPLC-ELSD:Tyrosine_HPLC_Data_2015_2016:2_18_2016,16,Feb,18,2016,,2017-01-04 14:51:18+00:00,"Extraction could not be found matching {""extraction_number__iexact"": ""2078""}"
1022,2079,4.42%,K:HPLC-ELSD:Tyrosine_HPLC_Data_2015_2016:2_18_2016,16,Feb,18,2016,Mature leaf from same plant run,2017-01-20 16:03:26+00:00,"Extraction could not be found matching {""extraction_number__iexact"": ""2079""}"
1023,2080,ND,K:HPLC-ELSD:Tyrosine_HPLC_Data_2015_2016:2_18_2016,16,Feb,18,2016,,2017-01-04 14:51:18+00:00,"Extraction could not be found matching {""extraction_number__iexact"": ""2080""}"
1024,2081,ND,K:HPLC-ELSD:Tyrosine_HPLC_Data_2015_2016:2_18_2016,16,Feb,18,2016,,2017-01-04 14:51:18+00:00,"Extraction could not be found matching {""extraction_number__iexact"": ""2081""}"
1025,2082,ND,K:HPLC-ELSD:Tyrosine_HPLC_Data_2015_2016:2_18_2016,16,Feb,18,2016,,2017-01-04 14:51:18+00:00,"Extraction could not be found matching {""extraction_number__iexact"": ""2082""}"
1026,2083,3.57%,K:HPLC-ELSD:Tyrosine_HPLC_Data_2015_2016:2_18_2016,16,Feb,18,2016,,2017-01-04 14:51:18+00:00,"Extraction could not be found matching {""extraction_number__iexact"": ""2083""}"
1027,2084,ND,K:HPLC-ELSD:Tyrosine_HPLC_Data_2015_2016:2_18_2016,16,Feb,18,2016,Mature leaf from same plant run,2017-01-20 16:04:52+00:00,"Extraction could not be found matching {""extraction_number__iexact"": ""2084""}"
1028,2085,10.36%,K:HPLC-ELSD:Tyrosine_HPLC_Data_2015_2016:2_18_2016,16,Feb,18,2016,,2017-01-04 14:51:18+00:00,"Extraction could not be found matching {""extraction_number__iexact"": ""2085""}"
1029,2086,ND,K:HPLC-ELSD:Tyrosine_HPLC_Data_2015_2016:2_18_2016,16,Feb,18,2016,"Keep, duplicate extraction",2017-01-20 17:46:38+00:00,"Extraction could not be found matching {""extraction_number__iexact"": ""2086""}"
1030,2087,6.74%,K:HPLC-ELSD:Tyrosine_HPLC_Data_2015_2016:2_18_2016,16,Feb,18,2016,,2017-01-04 14:51:18+00:00,"Extraction could not be found matching {""extraction_number__iexact"": ""2087""}"
1031,2088,ND,K:HPLC-ELSD:Tyrosine_HPLC_Data_2015_2016:2_18_2016,16,Feb,18,2016,"Drop, different leaf from same plant run",2017-01-20 16:07:38+00:00,"Extraction could not be found matching {""extraction_number__iexact"": ""2088""}"
1032,2089,ND,K:HPLC-ELSD:Tyrosine_HPLC_Data_2015_2016:2_18_2016,16,Feb,18,2016,"Drop, different leaf from same plant run",2017-01-20 16:08:03+00:00,"Extraction could not be found matching {""extraction_number__iexact"": ""2089""}"
1033,2090,ND,K:HPLC-ELSD:Tyrosine_HPLC_Data_2015_2016:2_18_2016,16,Feb,18,2016,"Drop, different leaf from same plant run",2017-01-20 16:08:32+00:00,"Extraction could not be found matching {""extraction_number__iexact"": ""2090""}"
1034,2091,5.39%,K:HPLC-ELSD:Tyrosine_HPLC_Data_2015_2016:2_18_2016,16,Feb,18,2016,"Drop, different leaf from same plant run",2017-01-20 16:08:34+00:00,"Extraction could not be found matching {""extraction_number__iexact"": ""2091""}"
1035,2092,ND,K:HPLC-ELSD:Tyrosine_HPLC_Data_2015_2016:2_18_2016,16,Feb,18,2016,,2017-01-04 14:51:18+00:00,"Extraction could not be found matching {""extraction_number__iexact"": ""2092""}"
1036,2093,ND,K:HPLC-ELSD:Tyrosine_HPLC_Data_2015_2016:2_18_2016,16,Feb,18,2016,,2017-01-04 14:51:18+00:00,"Extraction could not be found matching {""extraction_number__iexact"": ""2093""}"
1037,2094,ND,K:HPLC-ELSD:Tyrosine_HPLC_Data_2015_2016:2_18_2016,16,Feb,18,2016,,2017-01-04 14:51:18+00:00,"Extraction could not be found matching {""extraction_number__iexact"": ""2094""}"
1038,2095,ND,K:HPLC-ELSD:Tyrosine_HPLC_Data_2015_2016:2_18_2016,16,Feb,18,2016,,2017-01-04 14:51:18+00:00,"Extraction could not be found matching {""extraction_number__iexact"": ""2095""}"
1039,2096,ND,K:HPLC-ELSD:Tyrosine_HPLC_Data_2015_2016:2_18_2016,16,Feb,18,2016,mature leaf from same plant run,2017-01-20 16:10:04+00:00,"Extraction could not be found matching {""extraction_number__iexact"": ""2096""}"
1040,2097,ND,K:HPLC-ELSD:Tyrosine_HPLC_Data_2015_2016:2_23_2016,18,Feb,26,2016,,2017-01-04 14:51:18+00:00,"Extraction could not be found matching {""extraction_number__iexact"": ""2097""}"
1041,2098,ND,K:HPLC-ELSD:Tyrosine_HPLC_Data_2015_2016:2_23_2016,18,Feb,26,2016,,2017-01-04 14:51:18+00:00,"Extraction could not be found matching {""extraction_number__iexact"": ""2098""}"
1042,2099,10.71%,K:HPLC-ELSD:Tyrosine_HPLC_Data_2015_2016:2_23_2016,18,Feb,26,2016,,2017-01-04 14:51:18+00:00,"Extraction could not be found matching {""extraction_number__iexact"": ""2099""}"
1043,2100,ND,K:HPLC-ELSD:Tyrosine_HPLC_Data_2015_2016:2_23_2016,18,Feb,26,2016,,2017-01-04 14:51:18+00:00,"Extraction could not be found matching {""extraction_number__iexact"": ""2100""}"
1044,2101,ND,K:HPLC-ELSD:Tyrosine_HPLC_Data_2015_2016:2_23_2016,18,Feb,26,2016,,2017-01-04 14:51:18+00:00,"Extraction could not be found matching {""extraction_number__iexact"": ""2101""}"
1045,2102,7.33%,K:HPLC-ELSD:Tyrosine_HPLC_Data_2015_2016:2_23_2016,18,Feb,26,2016,"Drop, duplicate extraction",2017-01-20 16:14:25+00:00,"Extraction could not be found matching {""extraction_number__iexact"": ""2102""}"
1046,2103,ND,K:HPLC-ELSD:Tyrosine_HPLC_Data_2015_2016:2_23_2016,18,Feb,26,2016,"Drop, duplicate extraction",2017-01-20 16:14:42+00:00,"Extraction could not be found matching {""extraction_number__iexact"": ""2103""}"
1047,2104,ND,K:HPLC-ELSD:Tyrosine_HPLC_Data_2015_2016:2_23_2016,18,Feb,26,2016,,2017-01-04 14:51:18+00:00,"Extraction could not be found matching {""extraction_number__iexact"": ""2104""}"
1048,2105,ND,K:HPLC-ELSD:Tyrosine_HPLC_Data_2015_2016:2_23_2016,18,Feb,26,2016,"Was rerun, drop from analyses",2017-01-09 16:48:59+00:00,"Extraction could not be found matching {""extraction_number__iexact"": ""2105""}"
1049,2106,ND,K:HPLC-ELSD:Tyrosine_HPLC_Data_2015_2016:2_23_2016,18,Feb,26,2016,,2017-01-04 14:51:18+00:00,"Extraction could not be found matching {""extraction_number__iexact"": ""2106""}"
1050,2109,ND,K:HPLC-ELSD:Tyrosine_HPLC_Data_2015_2016:2016_04_26,19,Apr,26,2016,,2017-01-04 14:51:18+00:00,"Extraction could not be found matching {""extraction_number__iexact"": ""2109""}"
1051,2110,ND,K:HPLC-ELSD:Tyrosine_HPLC_Data_2015_2016:2016_04_26,19,Apr,26,2016,,2017-01-04 14:51:18+00:00,"Extraction could not be found matching {""extraction_number__iexact"": ""2110""}"
1052,2111,ND,K:HPLC-ELSD:Tyrosine_HPLC_Data_2015_2016:2016_04_26,19,Apr,26,2016,,2017-01-04 14:51:18+00:00,"Extraction could not be found matching {""extraction_number__iexact"": ""2111""}"
1053,2112,ND,K:HPLC-ELSD:Tyrosine_HPLC_Data_2015_2016:2016_04_26,19,Apr,26,2016,,2017-01-04 14:51:18+00:00,"Extraction could not be found matching {""extraction_number__iexact"": ""2112""}"
1054,2113,ND,K:HPLC-ELSD:Tyrosine_HPLC_Data_2015_2016:2016_04_26,19,Apr,26,2016,,2017-01-04 14:51:18+00:00,"Extraction could not be found matching {""extraction_number__iexact"": ""2113""}"
1055,2114,ND,K:HPLC-ELSD:Tyrosine_HPLC_Data_2015_2016:2016_04_26,19,Apr,26,2016,,2017-01-04 14:51:18+00:00,"Extraction could not be found matching {""extraction_number__iexact"": ""2114""}"
1056,2115,ND,K:HPLC-ELSD:Tyrosine_HPLC_Data_2015_2016:2016_04_26,19,Apr,26,2016,,2017-01-04 14:51:18+00:00,"Extraction could not be found matching {""extraction_number__iexact"": ""2115""}"
1057,2116,ND,K:HPLC-ELSD:Tyrosine_HPLC_Data_2015_2016:2016_04_26,19,Apr,26,2016,,2017-01-04 14:51:18+00:00,"Extraction could not be found matching {""extraction_number__iexact"": ""2116""}"
1058,2117,ND,K:HPLC-ELSD:Tyrosine_HPLC_Data_2015_2016:2016_04_26,19,Apr,26,2016,,2017-01-04 14:51:18+00:00,"Extraction could not be found matching {""extraction_number__iexact"": ""2117""}"
1059,2118,ND,K:HPLC-ELSD:Tyrosine_HPLC_Data_2015_2016:2016_04_26,19,Apr,26,2016,,2017-01-04 14:51:18+00:00,"Extraction could not be found matching {""extraction_number__iexact"": ""2118""}"
1060,2119,ND,K:HPLC-ELSD:Tyrosine_HPLC_Data_2015_2016:2016_04_26,19,Apr,26,2016,,2017-01-04 14:51:18+00:00,"Extraction could not be found matching {""extraction_number__iexact"": ""2119""}"
1061,2120,ND,K:HPLC-ELSD:Tyrosine_HPLC_Data_2015_2016:2016_04_26,19,Apr,26,2016,,2017-01-04 14:51:18+00:00,"Extraction could not be found matching {""extraction_number__iexact"": ""2120""}"
1062,2121,ND,K:HPLC-ELSD:Tyrosine_HPLC_Data_2015_2016:2016_04_26,19,Apr,26,2016,,2017-01-04 14:51:18+00:00,"Extraction could not be found matching {""extraction_number__iexact"": ""2121""}"
1063,2122,ND,K:HPLC-ELSD:Tyrosine_HPLC_Data_2015_2016:2016_04_26,19,Apr,26,2016,,2017-01-04 14:51:18+00:00,"Extraction could not be found matching {""extraction_number__iexact"": ""2122""}"
1064,2123,ND,K:HPLC-ELSD:Tyrosine_HPLC_Data_2015_2016:2016_04_26,19,Apr,26,2016,,2017-01-04 14:51:18+00:00,"Extraction could not be found matching {""extraction_number__iexact"": ""2123""}"
1065,2124,ND,K:HPLC-ELSD:Tyrosine_HPLC_Data_2015_2016:2016_04_26,19,Apr,26,2016,,2017-01-04 14:51:18+00:00,"Extraction could not be found matching {""extraction_number__iexact"": ""2124""}"
1066,2125,ND,K:HPLC-ELSD:Tyrosine_HPLC_Data_2015_2016:2016_04_26,19,Apr,26,2016,,2017-01-04 14:51:18+00:00,"Extraction could not be found matching {""extraction_number__iexact"": ""2125""}"
1067,2126,ND,K:HPLC-ELSD:Tyrosine_HPLC_Data_2015_2016:2016_04_26,19,Apr,26,2016,,2017-01-04 14:51:18+00:00,"Extraction could not be found matching {""extraction_number__iexact"": ""2126""}"
1068,2127,7.94%,K:HPLC-ELSD:Tyrosine_HPLC_Data_2015_2016:2016_04_26,19,Apr,26,2016,,2017-01-04 14:51:18+00:00,"Extraction could not be found matching {""extraction_number__iexact"": ""2127""}"
1069,2128,16.59%,K:HPLC-ELSD:Tyrosine_HPLC_Data_2015_2016:2016_04_26,19,Apr,26,2016,,2017-01-04 14:51:18+00:00,"Extraction could not be found matching {""extraction_number__iexact"": ""2128""}"
1070,2129,ND,K:HPLC-ELSD:Tyrosine_HPLC_Data_2015_2016:2016_04_27,20,Apr,27,2016,,2017-01-04 14:51:18+00:00,"Extraction could not be found matching {""extraction_number__iexact"": ""2129""}"
1071,2130,9.25%,K:HPLC-ELSD:Tyrosine_HPLC_Data_2015_2016:2016_04_27,20,Apr,27,2016,,2017-01-04 14:51:18+00:00,"Extraction could not be found matching {""extraction_number__iexact"": ""2130""}"
1072,2131,ND,K:HPLC-ELSD:Tyrosine_HPLC_Data_2015_2016:2016_04_27,20,Apr,27,2016,,2017-01-04 14:51:18+00:00,"Extraction could not be found matching {""extraction_number__iexact"": ""2131""}"
1073,2132,12.84%,K:HPLC-ELSD:Tyrosine_HPLC_Data_2015_2016:2016_04_27,20,Apr,27,2016,,2017-01-04 14:51:18+00:00,"Extraction could not be found matching {""extraction_number__iexact"": ""2132""}"
1074,2195,ND,K:HPLC-ELSD:Tyrosine_HPLC_Data_2015_2016:2016_04_27,20,Apr,27,2016,,2017-01-04 14:51:18+00:00,"Extraction could not be found matching {""extraction_number__iexact"": ""2195""}"
1075,2196,11.90%,K:HPLC-ELSD:Tyrosine_HPLC_Data_2015_2016:2016_04_27,20,Apr,27,2016,,2017-01-04 14:51:18+00:00,"Extraction could not be found matching {""extraction_number__iexact"": ""2196""}"
1076,2197,ND,K:HPLC-ELSD:Tyrosine_HPLC_Data_2015_2016:2016_04_27,20,Apr,27,2016,,2017-01-04 14:51:18+00:00,"Extraction could not be found matching {""extraction_number__iexact"": ""2197""}"
1077,2198,ND,K:HPLC-ELSD:Tyrosine_HPLC_Data_2015_2016:2016_04_27,20,Apr,27,2016,,2017-01-04 14:51:18+00:00,"Extraction could not be found matching {""extraction_number__iexact"": ""2198""}"
1078,2199,ND,K:HPLC-ELSD:Tyrosine_HPLC_Data_2015_2016:2016_04_27,20,Apr,27,2016,,2017-01-04 14:51:18+00:00,"Extraction could not be found matching {""extraction_number__iexact"": ""2199""}"
1079,2200,ND,K:HPLC-ELSD:Tyrosine_HPLC_Data_2015_2016:2016_04_27,20,Apr,27,2016,,2017-01-04 14:51:18+00:00,"Extraction could not be found matching {""extraction_number__iexact"": ""2200""}"
1080,2201,10.11%,K:HPLC-ELSD:Tyrosine_HPLC_Data_2015_2016:2016_05_09,21,May,9,2016,,2017-01-04 14:51:18+00:00,"Extraction could not be found matching {""extraction_number__iexact"": ""2201""}"
1081,2202,ND,K:HPLC-ELSD:Tyrosine_HPLC_Data_2015_2016:2016_05_09,21,May,9,2016,"Drop, duplicate extraction",2017-01-20 17:37:47+00:00,"Extraction could not be found matching {""extraction_number__iexact"": ""2202""}"
1082,2203,14.58%,K:HPLC-ELSD:Tyrosine_HPLC_Data_2015_2016:2016_05_09,21,May,9,2016,,2017-01-04 14:51:18+00:00,"Extraction could not be found matching {""extraction_number__iexact"": ""2203""}"
1083,2204,ND,K:HPLC-ELSD:Tyrosine_HPLC_Data_2015_2016:2016_05_09,21,May,9,2016,"Keep, duplicate extraction",2017-01-20 16:19:34+00:00,"Extraction could not be found matching {""extraction_number__iexact"": ""2204""}"
1084,2205,ND,K:HPLC-ELSD:Tyrosine_HPLC_Data_2015_2016:2016_05_09,21,May,9,2016,,2017-01-04 14:51:18+00:00,"Extraction could not be found matching {""extraction_number__iexact"": ""2205""}"
1085,2206,ND,K:HPLC-ELSD:Tyrosine_HPLC_Data_2015_2016:2016_05_09,21,May,9,2016,"Drop, duplicate extraction",2017-01-20 16:22:13+00:00,"Extraction could not be found matching {""extraction_number__iexact"": ""2206""}"
1086,2207,10.20%,K:HPLC-ELSD:Tyrosine_HPLC_Data_2015_2016:2016_05_09,21,May,9,2016,,2017-01-04 14:51:18+00:00,"Extraction could not be found matching {""extraction_number__iexact"": ""2207""}"
1087,2208,13.52%,K:HPLC-ELSD:Tyrosine_HPLC_Data_2015_2016:2016_05_09,21,May,9,2016,,2017-01-04 14:51:18+00:00,"Extraction could not be found matching {""extraction_number__iexact"": ""2208""}"
1088,2215,ND,K:HPLC-ELSD:Tyrosine_HPLC_Data_2015_2016:2016_05_09,21,May,9,2016,,2017-01-04 14:51:18+00:00,"Extraction could not be found matching {""extraction_number__iexact"": ""2215""}"
1089,2216,ND,K:HPLC-ELSD:Tyrosine_HPLC_Data_2015_2016:2016_05_09,21,May,9,2016,,2017-01-04 14:51:18+00:00,"Extraction could not be found matching {""extraction_number__iexact"": ""2216""}"
1090,2217,ND,K:HPLC-ELSD:Tyrosine_HPLC_Data_2015_2016:2016_05_09,21,May,9,2016,,2017-01-04 14:51:18+00:00,"Extraction could not be found matching {""extraction_number__iexact"": ""2217""}"
1091,2218,ND,K:HPLC-ELSD:Tyrosine_HPLC_Data_2015_2016:2016_05_09,21,May,9,2016,,2017-01-04 14:51:18+00:00,"Extraction could not be found matching {""extraction_number__iexact"": ""2218""}"
1092,2219,ND,K:HPLC-ELSD:Tyrosine_HPLC_Data_2015_2016:2016_05_09,21,May,9,2016,,2017-01-04 14:51:18+00:00,"Extraction could not be found matching {""extraction_number__iexact"": ""2219""}"
1093,2220,ND,K:HPLC-ELSD:Tyrosine_HPLC_Data_2015_2016:2016_05_09,21,May,9,2016,,2017-01-04 14:51:18+00:00,"Extraction could not be found matching {""extraction_number__iexact"": ""2220""}"
1094,2221,ND,K:HPLC-ELSD:Tyrosine_HPLC_Data_2015_2016:2016_05_09,21,May,9,2016,,2017-01-04 14:51:18+00:00,"Extraction could not be found matching {""extraction_number__iexact"": ""2221""}"
1095,2227,19.71%,K:HPLC-ELSD:Tyrosine_HPLC_Data_2015_2016:2016_05_11,22,May,11,2016,,2017-01-04 14:51:18+00:00,"Extraction could not be found matching {""extraction_number__iexact"": ""2227""}"
1096,2228,8.98%,K:HPLC-ELSD:Tyrosine_HPLC_Data_2015_2016:2016_05_11,22,May,11,2016,,2017-01-04 14:51:18+00:00,"Extraction could not be found matching {""extraction_number__iexact"": ""2228""}"
1097,2229,4.86%,K:HPLC-ELSD:Tyrosine_HPLC_Data_2015_2016:2016_05_11,22,May,11,2016,,2017-01-04 14:51:18+00:00,"Extraction could not be found matching {""extraction_number__iexact"": ""2229""}"
1098,2230,ND,K:HPLC-ELSD:Tyrosine_HPLC_Data_2015_2016:2016_05_11,22,May,11,2016,,2017-01-04 14:51:18+00:00,"Extraction could not be found matching {""extraction_number__iexact"": ""2230""}"
1099,2231,ND,K:HPLC-ELSD:Tyrosine_HPLC_Data_2015_2016:2016_05_11,22,May,11,2016,,2017-01-04 14:51:18+00:00,"Extraction could not be found matching {""extraction_number__iexact"": ""2231""}"
1100,2232,ND,K:HPLC-ELSD:Tyrosine_HPLC_Data_2015_2016:2016_05_11,22,May,11,2016,,2017-01-04 14:51:18+00:00,"Extraction could not be found matching {""extraction_number__iexact"": ""2232""}"
1101,2233,ND,K:HPLC-ELSD:Tyrosine_HPLC_Data_2015_2016:2016_05_11,22,May,11,2016,,2017-01-04 14:51:18+00:00,"Extraction could not be found matching {""extraction_number__iexact"": ""2233""}"
1102,2234,11.90%,K:HPLC-ELSD:Tyrosine_HPLC_Data_2015_2016:2016_05_11,22,May,11,2016,,2017-01-04 14:51:18+00:00,"Extraction could not be found matching {""extraction_number__iexact"": ""2234""}"
1103,2235,ND,K:HPLC-ELSD:Tyrosine_HPLC_Data_2015_2016:2016_05_11,22,May,11,2016,,2017-01-04 14:51:18+00:00,"Extraction could not be found matching {""extraction_number__iexact"": ""2235""}"
1104,2236,14.05%,K:HPLC-ELSD:Tyrosine_HPLC_Data_2015_2016:2016_05_11,22,May,11,2016,,2017-01-04 14:51:18+00:00,"Extraction could not be found matching {""extraction_number__iexact"": ""2236""}"
1105,2237,ND,K:HPLC-ELSD:Tyrosine_HPLC_Data_2015_2016:2016_05_11,22,May,11,2016,,2017-01-04 14:51:18+00:00,"Extraction could not be found matching {""extraction_number__iexact"": ""2237""}"
1106,2238,ND,K:HPLC-ELSD:Tyrosine_HPLC_Data_2015_2016:2016_05_11,22,May,11,2016,,2017-01-04 14:51:18+00:00,"Extraction could not be found matching {""extraction_number__iexact"": ""2238""}"
1107,2239,ND,K:HPLC-ELSD:Tyrosine_HPLC_Data_2015_2016:2016_05_11,22,May,11,2016,,2017-01-04 14:51:18+00:00,"Extraction could not be found matching {""extraction_number__iexact"": ""2239""}"
1108,2240,ND,K:HPLC-ELSD:Tyrosine_HPLC_Data_2015_2016:2016_05_11,22,May,11,2016,"Drop, duplicate extraction",2017-01-20 16:30:44+00:00,"Extraction could not be found matching {""extraction_number__iexact"": ""2240""}"
1109,2241,ND,K:HPLC-ELSD:Tyrosine_HPLC_Data_2015_2016:2016_05_11,22,May,11,2016,,2017-01-04 14:51:18+00:00,"Extraction could not be found matching {""extraction_number__iexact"": ""2241""}"
1110,2242,ND,K:HPLC-ELSD:Tyrosine_HPLC_Data_2015_2016:2016_05_11,22,May,11,2016,,2017-01-04 14:51:18+00:00,"Extraction could not be found matching {""extraction_number__iexact"": ""2242""}"
1111,2243,13.68%,K:HPLC-ELSD:Tyrosine_HPLC_Data_2015_2016:2016_05_11,22,May,11,2016,,2017-01-04 14:51:18+00:00,"Extraction could not be found matching {""extraction_number__iexact"": ""2243""}"
1112,2244,ND,K:HPLC-ELSD:Tyrosine_HPLC_Data_2015_2016:2016_05_11,22,May,11,2016,,2017-01-04 14:51:18+00:00,"Extraction could not be found matching {""extraction_number__iexact"": ""2244""}"
1113,2245,ND,K:HPLC-ELSD:Tyrosine_HPLC_Data_2015_2016:2016_05_11,22,May,11,2016,,2017-01-04 14:51:18+00:00,"Extraction could not be found matching {""extraction_number__iexact"": ""2245""}"
1199,2246,ND,K:HPLC-ELSD:Tyrosine_HPLC_Data_2015_2016:2016_05_18,23,May ,18,2016,"Keep, duplicate extraction",2017-01-20 16:31:05+00:00,"Extraction could not be found matching {""extraction_number__iexact"": ""2246""}"
1200,2247,19.53%,K:HPLC-ELSD:Tyrosine_HPLC_Data_2015_2016:2016_05_18,23,May ,18,2016,,2017-01-04 14:51:18+00:00,"Extraction could not be found matching {""extraction_number__iexact"": ""2247""}"
1201,2248,ND,K:HPLC-ELSD:Tyrosine_HPLC_Data_2015_2016:2016_05_18,23,May,18,2016,"small peak, RT not tyr, reran multiple times",2017-01-20 17:00:51+00:00,"Extraction could not be found matching {""extraction_number__iexact"": ""2248""}"
1202,2249,ND,K:HPLC-ELSD:Tyrosine_HPLC_Data_2015_2016:2016_05_18,23,May,18,2016,,2017-01-04 14:51:18+00:00,"Extraction could not be found matching {""extraction_number__iexact"": ""2249""}"
1203,2250,ND,K:HPLC-ELSD:Tyrosine_HPLC_Data_2015_2016:2016_05_18,23,May,18,2016,,2017-01-04 14:51:18+00:00,"Extraction could not be found matching {""extraction_number__iexact"": ""2250""}"
1204,2251,ND,K:HPLC-ELSD:Tyrosine_HPLC_Data_2015_2016:2016_05_18,23,May,18,2016,"peak, RT not tyr, reran multiple times",2017-01-20 17:05:26+00:00,"Extraction could not be found matching {""extraction_number__iexact"": ""2251""}"
1205,2252,ND,K:HPLC-ELSD:Tyrosine_HPLC_Data_2015_2016:2016_05_18,23,May,18,2016,,2017-01-04 14:51:18+00:00,"Extraction could not be found matching {""extraction_number__iexact"": ""2252""}"
1206,2253,ND,K:HPLC-ELSD:Tyrosine_HPLC_Data_2015_2016:2016_05_18,23,May,18,2016,,2017-01-04 14:51:18+00:00,"Extraction could not be found matching {""extraction_number__iexact"": ""2253""}"
1207,2254,ND,K:HPLC-ELSD:Tyrosine_HPLC_Data_2015_2016:2016_05_18,23,May,18,2016,,2017-01-04 14:51:18+00:00,"Extraction could not be found matching {""extraction_number__iexact"": ""2254""}"
1208,2255,ND,K:HPLC-ELSD:Tyrosine_HPLC_Data_2015_2016:2016_05_18,23,May,18,2016,,2017-01-04 14:51:18+00:00,"Extraction could not be found matching {""extraction_number__iexact"": ""2255""}"
1209,2256,ND,K:HPLC-ELSD:Tyrosine_HPLC_Data_2015_2016:2016_05_18,23,May,18,2016,,2017-01-04 14:51:18+00:00,"Extraction could not be found matching {""extraction_number__iexact"": ""2256""}"
1210,2257,9.15%,K:HPLC-ELSD:Tyrosine_HPLC_Data_2015_2016:2016_05_18,23,May,18,2016,,2017-01-04 14:51:18+00:00,"Extraction could not be found matching {""extraction_number__iexact"": ""2257""}"
1211,2258,ND,K:HPLC-ELSD:Tyrosine_HPLC_Data_2015_2016:2016_05_18,23,May,18,2016,,2017-01-04 14:51:18+00:00,"Extraction could not be found matching {""extraction_number__iexact"": ""2258""}"
1212,2259,ND,K:HPLC-ELSD:Tyrosine_HPLC_Data_2015_2016:2016_05_18,23,May,18,2016,,2017-01-04 14:51:18+00:00,"Extraction could not be found matching {""extraction_number__iexact"": ""2259""}"
1213,2260,1.73%,K:HPLC-ELSD:Tyrosine_HPLC_Data_2015_2016:2016_05_18,23,May,18,2016,,2017-01-04 14:51:18+00:00,"Extraction could not be found matching {""extraction_number__iexact"": ""2260""}"
1214,2261,ND,K:HPLC-ELSD:Tyrosine_HPLC_Data_2015_2016:2016_05_18,23,May,18,2016,,2017-01-04 14:51:18+00:00,"Extraction could not be found matching {""extraction_number__iexact"": ""2261""}"
1215,2262,ND,K:HPLC-ELSD:Tyrosine_HPLC_Data_2015_2016:2016_05_18,23,May,18,2016,,2017-01-04 14:51:18+00:00,"Extraction could not be found matching {""extraction_number__iexact"": ""2262""}"
1216,2263,ND,K:HPLC-ELSD:Tyrosine_HPLC_Data_2015_2016:2016_05_18,23,May,18,2016,,2017-01-04 14:51:18+00:00,"Extraction could not be found matching {""extraction_number__iexact"": ""2263""}"
1217,2264,ND,K:HPLC-ELSD:Tyrosine_HPLC_Data_2015_2016:2016_05_18,23,May,18,2016,,2017-01-04 14:51:18+00:00,"Extraction could not be found matching {""extraction_number__iexact"": ""2264""}"
1218,2265,ND,K:HPLC-ELSD:Tyrosine_HPLC_Data_2015_2016:2016_05_18,23,May,18,2016,,2017-01-04 14:51:18+00:00,"Extraction could not be found matching {""extraction_number__iexact"": ""2265""}"
1219,2266,ND,K:HPLC-ELSD:Tyrosine_HPLC_Data_2015_2016:2016_05_20,24,May,20,2016,,2017-01-04 14:51:18+00:00,"Extraction could not be found matching {""extraction_number__iexact"": ""2266""}"
1220,2267,ND,K:HPLC-ELSD:Tyrosine_HPLC_Data_2015_2016:2016_05_20,24,May,20,2016,"Drop, duplicate extraction",2017-01-20 17:07:55+00:00,"Extraction could not be found matching {""extraction_number__iexact"": ""2267""}"
1221,2268,ND,K:HPLC-ELSD:Tyrosine_HPLC_Data_2015_2016:2016_05_20,24,May,20,2016,,2017-01-04 14:51:18+00:00,"Extraction could not be found matching {""extraction_number__iexact"": ""2268""}"
1222,2269,ND,K:HPLC-ELSD:Tyrosine_HPLC_Data_2015_2016:2016_05_20,24,May,20,2016,,2017-01-04 14:51:18+00:00,"Extraction could not be found matching {""extraction_number__iexact"": ""2269""}"
1223,2270,ND,K:HPLC-ELSD:Tyrosine_HPLC_Data_2015_2016:2016_05_20,24,May,20,2016,,2017-01-04 14:51:18+00:00,"Extraction could not be found matching {""extraction_number__iexact"": ""2270""}"
1224,2271,ND,K:HPLC-ELSD:Tyrosine_HPLC_Data_2015_2016:2016_05_20,24,May,20,2016,,2017-01-04 14:51:18+00:00,"Extraction could not be found matching {""extraction_number__iexact"": ""2271""}"
1225,2272,ND,K:HPLC-ELSD:Tyrosine_HPLC_Data_2015_2016:2016_05_20,24,May,20,2016,,2017-01-04 14:51:18+00:00,"Extraction could not be found matching {""extraction_number__iexact"": ""2272""}"
1226,2273,ND,K:HPLC-ELSD:Tyrosine_HPLC_Data_2015_2016:2016_05_20,24,May,20,2016,,2017-01-04 14:51:18+00:00,"Extraction could not be found matching {""extraction_number__iexact"": ""2273""}"
1227,2274,ND,K:HPLC-ELSD:Tyrosine_HPLC_Data_2015_2016:2016_05_20,24,May,20,2016,,2017-01-04 14:51:18+00:00,"Extraction could not be found matching {""extraction_number__iexact"": ""2274""}"
1228,2275,ND,K:HPLC-ELSD:Tyrosine_HPLC_Data_2015_2016:2016_05_20,24,May,20,2016,,2017-01-04 14:51:18+00:00,"Extraction could not be found matching {""extraction_number__iexact"": ""2275""}"
1229,2276,ND,K:HPLC-ELSD:Tyrosine_HPLC_Data_2015_2016:2016_05_20,24,May,20,2016,,2017-01-04 14:51:18+00:00,"Extraction could not be found matching {""extraction_number__iexact"": ""2276""}"
1230,2277,ND,K:HPLC-ELSD:Tyrosine_HPLC_Data_2015_2016:2016_05_20,24,May,20,2016,,2017-01-04 14:51:18+00:00,"Extraction could not be found matching {""extraction_number__iexact"": ""2277""}"
1231,2278,ND,K:HPLC-ELSD:Tyrosine_HPLC_Data_2015_2016:2016_05_20,24,May,20,2016,,2017-01-04 14:51:18+00:00,"Extraction could not be found matching {""extraction_number__iexact"": ""2278""}"
1232,2279,ND,K:HPLC-ELSD:Tyrosine_HPLC_Data_2015_2016:2016_05_20,24,May,20,2016,,2017-01-04 14:51:18+00:00,"Extraction could not be found matching {""extraction_number__iexact"": ""2279""}"
1233,2280,ND,K:HPLC-ELSD:Tyrosine_HPLC_Data_2015_2016:2016_05_20,24,May,20,2016,,2017-01-04 14:51:18+00:00,"Extraction could not be found matching {""extraction_number__iexact"": ""2280""}"
1234,2281,ND,K:HPLC-ELSD:Tyrosine_HPLC_Data_2015_2016:2016_05_20,24,May,20,2016,,2017-01-04 14:51:18+00:00,"Extraction could not be found matching {""extraction_number__iexact"": ""2281""}"
1235,2282,ND,K:HPLC-ELSD:Tyrosine_HPLC_Data_2015_2016:2016_05_20,24,May,20,2016,,2017-01-04 14:51:18+00:00,"Extraction could not be found matching {""extraction_number__iexact"": ""2282""}"
1236,2283,ND,K:HPLC-ELSD:Tyrosine_HPLC_Data_2015_2016:2016_05_20,24,May,20,2016,,2017-01-04 14:51:18+00:00,"Extraction could not be found matching {""extraction_number__iexact"": ""2283""}"
1237,2284,ND,K:HPLC-ELSD:Tyrosine_HPLC_Data_2015_2016:2016_05_20,24,May,20,2016,,2017-01-04 14:51:18+00:00,"Extraction could not be found matching {""extraction_number__iexact"": ""2284""}"
1238,2285,ND,K:HPLC-ELSD:Tyrosine_HPLC_Data_2015_2016:2016_05_20,24,May,20,2016,,2017-01-04 14:51:18+00:00,"Extraction could not be found matching {""extraction_number__iexact"": ""2285""}"
1239,2286,ND,K:HPLC-ELSD:Tyrosine_HPLC_Data_2015_2016:2016_05_24,25,May,24,2016,,2017-01-04 14:51:18+00:00,"Extraction could not be found matching {""extraction_number__iexact"": ""2286""}"
1240,2287,ND,K:HPLC-ELSD:Tyrosine_HPLC_Data_2015_2016:2016_05_24,25,May,24,2016,,2017-01-04 14:51:18+00:00,"Extraction could not be found matching {""extraction_number__iexact"": ""2287""}"
1241,2288,ND,K:HPLC-ELSD:Tyrosine_HPLC_Data_2015_2016:2016_05_24,25,May,24,2016,,2017-01-04 14:51:18+00:00,"Extraction could not be found matching {""extraction_number__iexact"": ""2288""}"
1242,2289,ND,K:HPLC-ELSD:Tyrosine_HPLC_Data_2015_2016:2016_05_24,25,May,24,2016,"Keep, duplicate extraction",2017-01-20 17:08:32+00:00,"Extraction could not be found matching {""extraction_number__iexact"": ""2289""}"
1243,2290,ND,K:HPLC-ELSD:Tyrosine_HPLC_Data_2015_2016:2016_05_24,25,May,24,2016,,2017-01-04 14:51:18+00:00,"Extraction could not be found matching {""extraction_number__iexact"": ""2290""}"
1244,2291,ND,K:HPLC-ELSD:Tyrosine_HPLC_Data_2015_2016:2016_05_24,25,May,24,2016,,2017-01-04 14:51:18+00:00,"Extraction could not be found matching {""extraction_number__iexact"": ""2291""}"
1245,2292,ND,K:HPLC-ELSD:Tyrosine_HPLC_Data_2015_2016:2016_05_24,25,May,24,2016,,2017-01-04 14:51:18+00:00,"Extraction could not be found matching {""extraction_number__iexact"": ""2292""}"
1246,2293,ND,K:HPLC-ELSD:Tyrosine_HPLC_Data_2015_2016:2016_05_24,25,May,24,2016,,2017-01-04 14:51:18+00:00,"Extraction could not be found matching {""extraction_number__iexact"": ""2293""}"
1247,2294,1.06%,K:HPLC-ELSD:Tyrosine_HPLC_Data_2015_2016:2016_05_24,25,May,24,2016,,2017-01-04 14:51:18+00:00,"Extraction could not be found matching {""extraction_number__iexact"": ""2294""}"
1248,2295,9.17%,K:HPLC-ELSD:Tyrosine_HPLC_Data_2015_2016:2016_05_24,25,May,24,2016,,2017-01-04 14:51:18+00:00,"Extraction could not be found matching {""extraction_number__iexact"": ""2295""}"
1249,2296,ND,K:HPLC-ELSD:Tyrosine_HPLC_Data_2015_2016:2016_05_24,25,May,24,2016,,2017-01-04 14:51:18+00:00,"Extraction could not be found matching {""extraction_number__iexact"": ""2296""}"
1250,2297,ND,K:HPLC-ELSD:Tyrosine_HPLC_Data_2015_2016:2016_05_24,25,May,24,2016,,2017-01-04 14:51:18+00:00,"Extraction could not be found matching {""extraction_number__iexact"": ""2297""}"
1251,2298,ND,K:HPLC-ELSD:Tyrosine_HPLC_Data_2015_2016:2016_05_24,25,May,24,2016,,2017-01-04 14:51:18+00:00,"Extraction could not be found matching {""extraction_number__iexact"": ""2298""}"
1252,2299,ND,K:HPLC-ELSD:Tyrosine_HPLC_Data_2015_2016:2016_05_24,25,May,24,2016,,2017-01-04 14:51:18+00:00,"Extraction could not be found matching {""extraction_number__iexact"": ""2299""}"
1253,2300,ND,K:HPLC-ELSD:Tyrosine_HPLC_Data_2015_2016:2016_05_24,25,May,24,2016,"peak, RT not tyr, reran multiple times",2017-01-20 17:12:15+00:00,"Extraction could not be found matching {""extraction_number__iexact"": ""2300""}"
1254,2301,ND,K:HPLC-ELSD:Tyrosine_HPLC_Data_2015_2016:2016_05_24,25,May,24,2016,"peak, RT not tyr, reran multiple times",2017-01-20 17:15:13+00:00,"Extraction could not be found matching {""extraction_number__iexact"": ""2301""}"
1255,2302,ND,K:HPLC-ELSD:Tyrosine_HPLC_Data_2015_2016:2016_05_24,25,May,24,2016,,2017-01-04 14:51:18+00:00,"Extraction could not be found matching {""extraction_number__iexact"": ""2302""}"
1256,2303,ND,K:HPLC-ELSD:Tyrosine_HPLC_Data_2015_2016:2016_05_24,25,May,24,2016,,2017-01-04 14:51:18+00:00,"Extraction could not be found matching {""extraction_number__iexact"": ""2303""}"
1257,2304,ND,K:HPLC-ELSD:Tyrosine_HPLC_Data_2015_2016:2016_05_24,25,May,24,2016,,2017-01-04 14:51:18+00:00,"Extraction could not be found matching {""extraction_number__iexact"": ""2304""}"
1258,2305,ND,K:HPLC-ELSD:Tyrosine_HPLC_Data_2015_2016:2016_05_24,25,May,24,2016,,2017-01-04 14:51:18+00:00,"Extraction could not be found matching {""extraction_number__iexact"": ""2305""}"
1259,2318,ND,K:HPLC-ELSD:Tyrosine_HPLC_Data_2015_2016:2016_05_26,26,May,26,2016,,2017-01-04 14:51:18+00:00,"Extraction could not be found matching {""extraction_number__iexact"": ""2318""}"
1260,2319,ND,K:HPLC-ELSD:Tyrosine_HPLC_Data_2015_2016:2016_05_26,26,May,26,2016,"peak, not tyr, reran multiple times",2017-01-20 17:15:43+00:00,"Extraction could not be found matching {""extraction_number__iexact"": ""2319""}"
1261,2320,14.11%,K:HPLC-ELSD:Tyrosine_HPLC_Data_2015_2016:2016_05_26,26,May,26,2016,,2017-01-04 14:51:18+00:00,"Extraction could not be found matching {""extraction_number__iexact"": ""2320""}"
1262,2321,ND,K:HPLC-ELSD:Tyrosine_HPLC_Data_2015_2016:2016_05_26,26,May,26,2016,,2017-01-04 14:51:18+00:00,"Extraction could not be found matching {""extraction_number__iexact"": ""2321""}"
1263,2322,ND,K:HPLC-ELSD:Tyrosine_HPLC_Data_2015_2016:2016_05_26,26,May,26,2016,"Keep, duplicate extraction",2017-01-20 17:16:02+00:00,"Extraction could not be found matching {""extraction_number__iexact"": ""2322""}"
1264,2323,ND,K:HPLC-ELSD:Tyrosine_HPLC_Data_2015_2016:2016_05_26,26,May,26,2016,"peak, RT not tyr, reran multiple times",2017-01-20 17:16:35+00:00,"Extraction could not be found matching {""extraction_number__iexact"": ""2323""}"
1265,2324,ND,K:HPLC-ELSD:Tyrosine_HPLC_Data_2015_2016:2016_05_26,26,May,26,2016,,2017-01-04 14:51:18+00:00,"Extraction could not be found matching {""extraction_number__iexact"": ""2324""}"
1266,2325,4.05%,K:HPLC-ELSD:Tyrosine_HPLC_Data_2015_2016:2016_05_26,26,May,26,2016,,2017-01-04 14:51:18+00:00,"Extraction could not be found matching {""extraction_number__iexact"": ""2325""}"
1267,2326,ND,K:HPLC-ELSD:Tyrosine_HPLC_Data_2015_2016:2016_05_26,26,May,26,2016,,2017-01-04 14:51:18+00:00,"Extraction could not be found matching {""extraction_number__iexact"": ""2326""}"
1268,2327,3.32%,K:HPLC-ELSD:Tyrosine_HPLC_Data_2015_2016:2016_05_26,26,May,26,2016,,2017-01-04 14:51:18+00:00,"Extraction could not be found matching {""extraction_number__iexact"": ""2327""}"
1269,2328,ND,K:HPLC-ELSD:Tyrosine_HPLC_Data_2015_2016:2016_05_27,27,May,27,2016,,2017-01-04 14:51:18+00:00,"Extraction could not be found matching {""extraction_number__iexact"": ""2328""}"
1270,2329,ND,K:HPLC-ELSD:Tyrosine_HPLC_Data_2015_2016:2016_05_27,27,May,27,2016,,2017-01-04 14:51:18+00:00,"Extraction could not be found matching {""extraction_number__iexact"": ""2329""}"
1271,2330,14.88%,K:HPLC-ELSD:Tyrosine_HPLC_Data_2015_2016:2016_05_27,27,May,27,2016,,2017-01-04 14:51:18+00:00,"Extraction could not be found matching {""extraction_number__iexact"": ""2330""}"
1272,2331,ND,K:HPLC-ELSD:Tyrosine_HPLC_Data_2015_2016:2016_05_27,27,May,27,2016,,2017-01-04 14:51:18+00:00,"Extraction could not be found matching {""extraction_number__iexact"": ""2331""}"
1273,2332,ND,K:HPLC-ELSD:Tyrosine_HPLC_Data_2015_2016:2016_05_27,27,May,27,2016,"Keep, duplicate extraction",2017-01-20 17:17:22+00:00,"Extraction could not be found matching {""extraction_number__iexact"": ""2332""}"
1274,2333,ND,K:HPLC-ELSD:Tyrosine_HPLC_Data_2015_2016:2016_05_27,27,May,27,2016,"small peak, RT not tyr",2017-01-20 17:17:37+00:00,"Extraction could not be found matching {""extraction_number__iexact"": ""2333""}"
1275,2334,ND,K:HPLC-ELSD:Tyrosine_HPLC_Data_2015_2016:2016_05_27,27,May,27,2016,,2017-01-04 14:51:18+00:00,"Extraction could not be found matching {""extraction_number__iexact"": ""2334""}"
1276,2335,ND,K:HPLC-ELSD:Tyrosine_HPLC_Data_2015_2016:2016_05_27,27,May,27,2016,"peak, RT not tyr, reran multiple times",2017-01-20 17:17:57+00:00,"Extraction could not be found matching {""extraction_number__iexact"": ""2335""}"
1277,2336,ND,K:HPLC-ELSD:Tyrosine_HPLC_Data_2015_2016:2016_05_27,27,May,27,2016,,2017-01-04 14:51:18+00:00,"Extraction could not be found matching {""extraction_number__iexact"": ""2336""}"
1278,2337,ND,K:HPLC-ELSD:Tyrosine_HPLC_Data_2015_2016:2016_05_27,27,May,27,2016,,2017-01-04 14:51:18+00:00,"Extraction could not be found matching {""extraction_number__iexact"": ""2337""}"
1279,2338,ND,K:HPLC-ELSD:Tyrosine_HPLC_Data_2015_2016:2016_05_27,27,May,27,2016,"peak, RT not tyr, reran multiple times",2017-01-20 17:21:47+00:00,"Extraction could not be found matching {""extraction_number__iexact"": ""2338""}"
1280,2339,ND,K:HPLC-ELSD:Tyrosine_HPLC_Data_2015_2016:2016_05_31,28,May,31,2016,,2017-01-04 14:51:18+00:00,"Extraction could not be found matching {""extraction_number__iexact"": ""2339""}"
1281,2340,10.06%,K:HPLC-ELSD:Tyrosine_HPLC_Data_2015_2016:2016_05_31,28,May,31,2016,,2017-01-04 14:51:18+00:00,"Extraction could not be found matching {""extraction_number__iexact"": ""2340""}"
1282,2341,9.34%,K:HPLC-ELSD:Tyrosine_HPLC_Data_2015_2016:2016_05_31,28,May,31,2016,mature sample run,2017-01-20 17:22:30+00:00,"Extraction could not be found matching {""extraction_number__iexact"": ""2341""}"
1283,2342,11.66%,K:HPLC-ELSD:Tyrosine_HPLC_Data_2015_2016:2016_05_31,28,May,31,2016,,2017-01-04 14:51:18+00:00,"Extraction could not be found matching {""extraction_number__iexact"": ""2342""}"
1284,2376,13.94%,K:HPLC-ELSD:Tyrosine_HPLC_Data_2015_2016:2016_10_11,29,Oct,11,2016,"keep, duplicate extraction",2017-01-20 17:45:04+00:00,"Extraction could not be found matching {""extraction_number__iexact"": ""2376""}"
1285,2377,ND,K:HPLC-ELSD:Tyrosine_HPLC_Data_2015_2016:2016_10_11,29,Oct,11,2016,,2017-01-04 14:51:18+00:00,"Extraction could not be found matching {""extraction_number__iexact"": ""2377""}"
1286,2378,10.64%,K:HPLC-ELSD:Tyrosine_HPLC_Data_2015_2016:2016_10_11,29,Oct,11,2016,,2017-01-04 14:05:13+00:00,"Extraction could not be found matching {""extraction_number__iexact"": ""2378""}"
1287,2379,ND,K:HPLC-ELSD:Tyrosine_HPLC_Data_2015_2016:2016_10_11,29,Oct,11,2016,"Keep, duplicate extraction",2017-01-20 17:24:10+00:00,"Extraction could not be found matching {""extraction_number__iexact"": ""2379""}"
1288,2380,ND,K:HPLC-ELSD:Tyrosine_HPLC_Data_2015_2016:2016_10_11,29,Oct,11,2016,,2017-01-09 16:15:28+00:00,"Extraction could not be found matching {""extraction_number__iexact"": ""2380""}"
1289,2381,ND,K:HPLC-ELSD:Tyrosine_HPLC_Data_2015_2016:2016_10_11,29,Oct,11,2016,,2017-01-04 14:51:18+00:00,"Extraction could not be found matching {""extraction_number__iexact"": ""2381""}"
1290,2382,ND,K:HPLC-ELSD:Tyrosine_HPLC_Data_2015_2016:2016_10_11,29,Oct,11,2016,,2017-01-04 14:51:18+00:00,"Extraction could not be found matching {""extraction_number__iexact"": ""2382""}"
1291,2383,ND,K:HPLC-ELSD:Tyrosine_HPLC_Data_2015_2016:2016_10_11,29,Oct,11,2016,,2017-01-04 14:51:18+00:00,"Extraction could not be found matching {""extraction_number__iexact"": ""2383""}"
1292,2384,9.69%,K:HPLC-ELSD:Tyrosine_HPLC_Data_2015_2016:2016_10_14,30,Oct,14,2016,"Keep, duplicate extraction",2017-01-20 17:24:48+00:00,"Extraction could not be found matching {""extraction_number__iexact"": ""2384""}"
1293,2399,ND,K:HPLC-ELSD:Tyrosine_HPLC_Data_2015_2016:2016_10_14,30,Oct,14,2016,,2017-01-04 14:51:18+00:00,"Extraction could not be found matching {""extraction_number__iexact"": ""2399""}"
1294,2400,ND,K:HPLC-ELSD:Tyrosine_HPLC_Data_2015_2016:2016_10_14,30,Oct,14,2016,"small peak, RT not tyr, reran multiple times",2017-01-20 17:25:19+00:00,"Extraction could not be found matching {""extraction_number__iexact"": ""2400""}"
1295,2401,ND,K:HPLC-ELSD:Tyrosine_HPLC_Data_2015_2016:2016_10_14,30,Oct,14,2016,,2017-01-04 14:51:18+00:00,"Extraction could not be found matching {""extraction_number__iexact"": ""2401""}"
1296,2402,4.91%,K:HPLC-ELSD:Tyrosine_HPLC_Data_2015_2016:2016_10_14,30,Oct,14,2016,,2017-01-04 14:05:13+00:00,"Extraction could not be found matching {""extraction_number__iexact"": ""2402""}"
1297,2403,6.43%,K:HPLC-ELSD:Tyrosine_HPLC_Data_2015_2016:2016_10_14,30,Oct,14,2016,,2017-01-04 14:05:13+00:00,"Extraction could not be found matching {""extraction_number__iexact"": ""2403""}"
1298,2404,ND,K:HPLC-ELSD:Tyrosine_HPLC_Data_2015_2016:2016_10_14,30,Oct,14,2016,,2017-01-04 14:51:18+00:00,"Extraction could not be found matching {""extraction_number__iexact"": ""2404""}"
1299,2405,ND,K:HPLC-ELSD:Tyrosine_HPLC_Data_2015_2016:2016_10_14,30,Oct,14,2016,"peak, RT not tyr, reran multiple times",2017-01-20 17:25:52+00:00,"Extraction could not be found matching {""extraction_number__iexact"": ""2405""}"
1300,2406,ND,K:HPLC-ELSD:Tyrosine_HPLC_Data_2015_2016:2016_10_14,30,Oct,14,2016,"peak, RT not tyr, reran multiple times",2017-01-20 17:25:55+00:00,"Extraction could not be found matching {""extraction_number__iexact"": ""2406""}"
1301,2407,ND,K:HPLC-ELSD:Tyrosine_HPLC_Data_2015_2016:2016_10_14,30,Oct,14,2016,"peak, RT not tyr, reran multiple times",2017-01-20 17:25:59+00:00,"Extraction could not be found matching {""extraction_number__iexact"": ""2407""}"
1378,2422,ND,K:HPLC-ELSD:Tyrosine_HPLC_Data_2015_2016:2016_10_14,30,Oct,14,2016,,2017-01-04 14:51:18+00:00,"Extraction could not be found matching {""extraction_number__iexact"": ""2422""}"
1379,2423,ND,K:HPLC-ELSD:Tyrosine_HPLC_Data_2015_2016:2016_10_14,30,Oct,14,2016,,2017-01-04 14:51:18+00:00,"Extraction could not be found matching {""extraction_number__iexact"": ""2423""}"
1380,2424,ND,K:HPLC-ELSD:Tyrosine_HPLC_Data_2015_2016:2016_10_14,30,Oct,14,2016,,2017-01-04 14:51:18+00:00,"Extraction could not be found matching {""extraction_number__iexact"": ""2424""}"
1381,2425,ND,K:HPLC-ELSD:Tyrosine_HPLC_Data_2015_2016:2016_10_14,30,Oct,14,2016,,2017-01-04 14:51:18+00:00,"Extraction could not be found matching {""extraction_number__iexact"": ""2425""}"
1382,2426,ND,K:HPLC-ELSD:Tyrosine_HPLC_Data_2015_2016:2016_10_14,30,Oct,14,2016,,2017-01-04 16:22:13+00:00,"Extraction could not be found matching {""extraction_number__iexact"": ""2426""}"
1383,2427,ND,K:HPLC-ELSD:Tyrosine_HPLC_Data_2015_2016:2016_10_14,30,Oct,14,2016,,2017-01-09 16:16:41+00:00,"Extraction could not be found matching {""extraction_number__iexact"": ""2427""}"
1384,2428,ND,K:HPLC-ELSD:Tyrosine_HPLC_Data_2015_2016:2016_10_14,30,Oct,14,2016,,2017-01-04 14:51:18+00:00,"Extraction could not be found matching {""extraction_number__iexact"": ""2428""}"
1385,2592,7.37%,K:HPLC-ELSD:Tyrosine_HPLC_Data_2015_2016:2016_12_21,31,Dec,21,2016,,2017-01-04 14:07:25+00:00,"Extraction could not be found matching {""extraction_number__iexact"": ""2592""}"
1386,2593,11.79%,K:HPLC-ELSD:Tyrosine_HPLC_Data_2015_2016:2016_12_21,31,Dec,21,2016,,2017-01-04 14:07:25+00:00,"Extraction could not be found matching {""extraction_number__iexact"": ""2593""}"
1387,2594,12.57%,K:HPLC-ELSD:Tyrosine_HPLC_Data_2015_2016:2016_12_21,31,Dec,21,2016,,2017-01-04 14:07:25+00:00,"Extraction could not be found matching {""extraction_number__iexact"": ""2594""}"
1388,2595,11.90%,K:HPLC-ELSD:Tyrosine_HPLC_Data_2015_2016:2016_12_21,31,Dec,21,2016,,2017-01-04 14:07:25+00:00,"Extraction could not be found matching {""extraction_number__iexact"": ""2595""}"
1389,2596,15.08%,K:HPLC-ELSD:Tyrosine_HPLC_Data_2015_2016:2016_12_21,31,Dec,21,2016,,2017-01-04 14:07:25+00:00,"Extraction could not be found matching {""extraction_number__iexact"": ""2596""}"
1390,2597,16.41%,K:HPLC-ELSD:Tyrosine_HPLC_Data_2015_2016:2016_12_21,31,Dec,21,2016,,2017-01-04 14:07:25+00:00,"Extraction could not be found matching {""extraction_number__iexact"": ""2597""}"
1391,2598,9.49%,K:HPLC-ELSD:Tyrosine_HPLC_Data_2015_2016:2016_12_21,31,Dec,21,2016,,2017-01-04 14:07:25+00:00,"Extraction could not be found matching {""extraction_number__iexact"": ""2598""}"
1392,2599,4.94%,K:HPLC-ELSD:Tyrosine_HPLC_Data_2015_2016:2016_12_21,31,Dec,21,2016,,2017-01-04 14:07:25+00:00,"Extraction could not be found matching {""extraction_number__iexact"": ""2599""}"
1393,2600,12.06%,K:HPLC-ELSD:Tyrosine_HPLC_Data_2015_2016:2016_12_21,31,Dec,21,2016,,2017-01-04 14:07:25+00:00,"Extraction could not be found matching {""extraction_number__iexact"": ""2600""}"
1394,2601,15.77%,K:HPLC-ELSD:Tyrosine_HPLC_Data_2015_2016:2016_12_21,31,Dec,21,2016,,2017-01-04 14:07:25+00:00,"Extraction could not be found matching {""extraction_number__iexact"": ""2601""}"
1395,2602,17.89%,K:HPLC-ELSD:Tyrosine_HPLC_Data_2015_2016:2016_12_21,31,Dec,21,2016,,2017-01-04 14:07:25+00:00,"Extraction could not be found matching {""extraction_number__iexact"": ""2602""}"
1396,2603,15.18%,K:HPLC-ELSD:Tyrosine_HPLC_Data_2015_2016:2016_12_21,31,Dec,21,2016,,2017-01-04 14:07:25+00:00,"Extraction could not be found matching {""extraction_number__iexact"": ""2603""}"
1397,2604,9.45%,K:HPLC-ELSD:Tyrosine_HPLC_Data_2015_2016:2016_12_21,31,Dec,21,2016,"Drop, duplicate extraction",2017-01-20 17:26:30+00:00,"Extraction could not be found matching {""extraction_number__iexact"": ""2604""}"
1398,2605,10.41%,K:HPLC-ELSD:Tyrosine_HPLC_Data_2015_2016:2016_12_21,31,Dec,21,2016,,2017-01-04 14:07:25+00:00,"Extraction could not be found matching {""extraction_number__iexact"": ""2605""}"
1399,2606,19.75%,K:HPLC-ELSD:Tyrosine_HPLC_Data_2015_2016:2016_12_21,31,Dec,21,2016,,2017-01-04 14:07:25+00:00,"Extraction could not be found matching {""extraction_number__iexact"": ""2606""}"
1400,2607,5.04%,K:HPLC-ELSD:Tyrosine_HPLC_Data_2015_2016:2016_12_21,31,Dec,21,2016,"Drop, duplicate extraction",2017-01-20 17:26:55+00:00,"Extraction could not be found matching {""extraction_number__iexact"": ""2607""}"
1401,2608,9.87%,K:HPLC-ELSD:Tyrosine_HPLC_Data_2015_2016:2016_12_22,32,Dec,22,2016,,2017-01-04 14:07:25+00:00,"Extraction could not be found matching {""extraction_number__iexact"": ""2608""}"
1402,2609,8.18%,K:HPLC-ELSD:Tyrosine_HPLC_Data_2015_2016:2016_12_22,32,Dec,22,2016,,2017-01-04 14:07:25+00:00,"Extraction could not be found matching {""extraction_number__iexact"": ""2609""}"
1403,2610,17.36%,K:HPLC-ELSD:Tyrosine_HPLC_Data_2015_2016:2016_12_22,32,Dec,22,2016,,2017-01-04 14:07:25+00:00,"Extraction could not be found matching {""extraction_number__iexact"": ""2610""}"
1404,2611,14.31%,K:HPLC-ELSD:Tyrosine_HPLC_Data_2015_2016:2016_12_22,32,Dec,22,2016,,2017-01-04 14:07:25+00:00,"Extraction could not be found matching {""extraction_number__iexact"": ""2611""}"
1405,2612,ND,K:HPLC-ELSD:Tyrosine_HPLC_Data_2015_2016:2016_12_22,32,Dec,22,2016,ran multiple times,2017-01-20 17:27:46+00:00,"Extraction could not be found matching {""extraction_number__iexact"": ""2612""}"
1406,2613,12.34%,K:HPLC-ELSD:Tyrosine_HPLC_Data_2015_2016:2016_12_22,32,Dec,22,2016,,2017-01-04 14:07:25+00:00,"Extraction could not be found matching {""extraction_number__iexact"": ""2613""}"
1407,2614,9.06%,K:HPLC-ELSD:Tyrosine_HPLC_Data_2015_2016:2016_12_22,32,Dec,22,2016,,2017-01-04 14:07:25+00:00,"Extraction could not be found matching {""extraction_number__iexact"": ""2614""}"
1408,2615,6.46%,K:HPLC-ELSD:Tyrosine_HPLC_Data_2015_2016:2016_12_22,32,Dec,22,2016,,2017-01-04 14:07:25+00:00,"Extraction could not be found matching {""extraction_number__iexact"": ""2615""}"
1409,2616,5.64%,K:HPLC-ELSD:Tyrosine_HPLC_Data_2015_2016:2016_12_22,32,Dec,22,2016,,2017-01-04 14:07:25+00:00,"Extraction could not be found matching {""extraction_number__iexact"": ""2616""}"
1410,2617,14.04%,K:HPLC-ELSD:Tyrosine_HPLC_Data_2015_2016:2016_12_22,32,Dec,22,2016,,2017-01-04 14:07:25+00:00,"Extraction could not be found matching {""extraction_number__iexact"": ""2617""}"
1411,2618,ND,K:HPLC-ELSD:Tyrosine_HPLC_Data_2015_2016:2016_12_22,32,Dec,22,2016,,2017-01-04 14:51:18+00:00,"Extraction could not be found matching {""extraction_number__iexact"": ""2618""}"
1412,2619,ND,K:HPLC-ELSD:Tyrosine_HPLC_Data_2015_2016:2016_12_22,32,Dec,22,2016,,2017-01-04 14:51:18+00:00,"Extraction could not be found matching {""extraction_number__iexact"": ""2619""}"
1413,2620,ND,K:HPLC-ELSD:Tyrosine_HPLC_Data_2015_2016:2016_12_22,32,Dec,22,2016,,2017-01-04 14:51:18+00:00,"Extraction could not be found matching {""extraction_number__iexact"": ""2620""}"
1414,2621,ND,K:HPLC-ELSD:Tyrosine_HPLC_Data_2015_2016:2016_12_22,32,Dec,22,2016,,2017-01-04 14:51:18+00:00,"Extraction could not be found matching {""extraction_number__iexact"": ""2621""}"
1415,2622,ND,K:HPLC-ELSD:Tyrosine_HPLC_Data_2015_2016:2016_12_22,32,Dec,22,2016,"keep, duplicate extraction",2017-01-20 17:28:15+00:00,"Extraction could not be found matching {""extraction_number__iexact"": ""2622""}"
1416,2623,18.08%,K:HPLC-ELSD:Tyrosine_HPLC_Data_2015_2016:2016_12_22,32,Dec,22,2016,,2017-01-04 14:07:25+00:00,"Extraction could not be found matching {""extraction_number__iexact"": ""2623""}"
1417,2624,ND,K:HPLC-ELSD:Tyrosine_HPLC_Data_2015_2016:2016_12_22,32,Dec,22,2016,,2017-01-04 14:51:18+00:00,"Extraction could not be found matching {""extraction_number__iexact"": ""2624""}"
1418,2625,ND,K:HPLC-ELSD:Tyrosine_HPLC_Data_2015_2016:2016_12_22,32,Dec,22,2016,,2017-01-04 14:51:18+00:00,"Extraction could not be found matching {""extraction_number__iexact"": ""2625""}"
1419,2626,ND,K:HPLC-ELSD:Tyrosine_HPLC_Data_2015_2016:2016_12_22,32,Dec,22,2016,,2017-01-04 14:51:18+00:00,"Extraction could not be found matching {""extraction_number__iexact"": ""2626""}"
1420,2627,9.79%,K:HPLC-ELSD:Tyrosine_HPLC_Data_2015_2016:2016_12_22,32,Dec,22,2016,"Drop, duplicate extraction",2017-01-20 17:29:34+00:00,"Extraction could not be found matching {""extraction_number__iexact"": ""2627""}"
1421,2628,9.31%,K:HPLC-ELSD:Tyrosine_HPLC_Data_2015_2016:2016_12_28,33,Dec,28,2016,,2017-01-04 14:07:25+00:00,"Extraction could not be found matching {""extraction_number__iexact"": ""2628""}"
1422,2629,ND,K:HPLC-ELSD:Tyrosine_HPLC_Data_2015_2016:2016_12_28,33,Dec,28,2016,,2017-01-04 14:51:18+00:00,"Extraction could not be found matching {""extraction_number__iexact"": ""2629""}"
1423,2630,ND,K:HPLC-ELSD:Tyrosine_HPLC_Data_2015_2016:2016_12_28,33,Dec,28,2016,,2017-01-04 14:51:18+00:00,"Extraction could not be found matching {""extraction_number__iexact"": ""2630""}"
1424,2631,ND,K:HPLC-ELSD:Tyrosine_HPLC_Data_2015_2016:2016_12_28,33,Dec,28,2016,,2017-01-04 14:51:18+00:00,"Extraction could not be found matching {""extraction_number__iexact"": ""2631""}"
1425,2632,ND,K:HPLC-ELSD:Tyrosine_HPLC_Data_2015_2016:2016_12_28,33,Dec,28,2016,,2017-01-04 14:51:18+00:00,"Extraction could not be found matching {""extraction_number__iexact"": ""2632""}"
1426,2633,ND,K:HPLC-ELSD:Tyrosine_HPLC_Data_2015_2016:2016_12_28,33,Dec,28,2016,,2017-01-04 14:51:18+00:00,"Extraction could not be found matching {""extraction_number__iexact"": ""2633""}"
1427,2634,ND,K:HPLC-ELSD:Tyrosine_HPLC_Data_2015_2016:2016_12_28,33,Dec,28,2016,,2017-01-04 14:51:18+00:00,"Extraction could not be found matching {""extraction_number__iexact"": ""2634""}"
1428,2635,ND,K:HPLC-ELSD:Tyrosine_HPLC_Data_2015_2016:2016_12_28,33,Dec,28,2016,,2017-01-04 14:51:18+00:00,"Extraction could not be found matching {""extraction_number__iexact"": ""2635""}"
1429,2636,ND,K:HPLC-ELSD:Tyrosine_HPLC_Data_2015_2016:2016_12_28,33,Dec,28,2016,,2017-01-04 14:51:18+00:00,"Extraction could not be found matching {""extraction_number__iexact"": ""2636""}"
1430,2637,ND,K:HPLC-ELSD:Tyrosine_HPLC_Data_2015_2016:2016_12_28,33,Dec,28,2016,,2017-01-04 14:51:18+00:00,"Extraction could not be found matching {""extraction_number__iexact"": ""2637""}"
1431,2638,ND,K:HPLC-ELSD:Tyrosine_HPLC_Data_2015_2016:2016_12_28,33,Dec,28,2016,,2017-01-04 14:51:18+00:00,"Extraction could not be found matching {""extraction_number__iexact"": ""2638""}"
1432,2639,ND,K:HPLC-ELSD:Tyrosine_HPLC_Data_2015_2016:2016_12_28,33,Dec,28,2016,,2017-01-04 14:51:18+00:00,"Extraction could not be found matching {""extraction_number__iexact"": ""2639""}"
1433,2640,ND,K:HPLC-ELSD:Tyrosine_HPLC_Data_2015_2016:2016_12_28,33,Dec,28,2016,,2017-01-04 14:51:18+00:00,"Extraction could not be found matching {""extraction_number__iexact"": ""2640""}"
1434,2641,ND,K:HPLC-ELSD:Tyrosine_HPLC_Data_2015_2016:2016_12_28,33,Dec,28,2016,,2017-01-04 14:51:18+00:00,"Extraction could not be found matching {""extraction_number__iexact"": ""2641""}"
1435,2642,ND,K:HPLC-ELSD:Tyrosine_HPLC_Data_2015_2016:2016_12_28,33,Dec,28,2016,,2017-01-04 14:51:18+00:00,"Extraction could not be found matching {""extraction_number__iexact"": ""2642""}"
1436,2643,ND,K:HPLC-ELSD:Tyrosine_HPLC_Data_2015_2016:2016_12_28,33,Dec,28,2016,,2017-01-04 14:51:18+00:00,"Extraction could not be found matching {""extraction_number__iexact"": ""2643""}"
1437,2644,ND,K:HPLC-ELSD:Tyrosine_HPLC_Data_2015_2016:2016_12_28,33,Dec,28,2016,"Drop, duplicate extraction",2017-01-20 17:30:10+00:00,"Extraction could not be found matching {""extraction_number__iexact"": ""2644""}"
1438,2645,ND,K:HPLC-ELSD:Tyrosine_HPLC_Data_2015_2016:2016_12_28,33,Dec,28,2016,,2017-01-04 14:51:18+00:00,"Extraction could not be found matching {""extraction_number__iexact"": ""2645""}"
1439,2646,ND,K:HPLC-ELSD:Tyrosine_HPLC_Data_2015_2016:2016_12_28,33,Dec,28,2016,,2017-01-04 14:51:18+00:00,"Extraction could not be found matching {""extraction_number__iexact"": ""2646""}"
1440,2647,ND,K:HPLC-ELSD:Tyrosine_HPLC_Data_2015_2016:2016_12_28,33,Dec,28,2016,,2017-01-04 14:51:18+00:00,"Extraction could not be found matching {""extraction_number__iexact"": ""2647""}"
1441,2648,ND,K:HPLC-ELSD:Tyrosine_HPLC_Data_2015_2016:2016_12_29,34,Dec,29,2016,,2017-01-04 14:51:18+00:00,"Extraction could not be found matching {""extraction_number__iexact"": ""2648""}"
1442,2649,ND,K:HPLC-ELSD:Tyrosine_HPLC_Data_2015_2016:2016_12_30,34,Dec,29,2016,,2017-01-04 14:51:18+00:00,"Extraction could not be found matching {""extraction_number__iexact"": ""2649""}"
1443,2650,ND,K:HPLC-ELSD:Tyrosine_HPLC_Data_2015_2016:2016_12_31,34,Dec,29,2016,,2017-01-04 14:51:18+00:00,"Extraction could not be found matching {""extraction_number__iexact"": ""2650""}"
1444,2651,ND,K:HPLC-ELSD:Tyrosine_HPLC_Data_2015_2016:2016_12_32,34,Dec,29,2016,,2017-01-04 14:51:18+00:00,"Extraction could not be found matching {""extraction_number__iexact"": ""2651""}"
1445,2652,10.24%,K:HPLC-ELSD:Tyrosine_HPLC_Data_2015_2016:2016_12_33,34,Dec,29,2016,,2017-01-04 14:07:25+00:00,"Extraction could not be found matching {""extraction_number__iexact"": ""2652""}"
1446,2653,ND,K:HPLC-ELSD:Tyrosine_HPLC_Data_2015_2016:2016_12_34,34,Dec,29,2016,,2017-01-04 14:51:18+00:00,"Extraction could not be found matching {""extraction_number__iexact"": ""2653""}"
1447,2654,7.01%,K:HPLC-ELSD:Tyrosine_HPLC_Data_2015_2016:2016_12_35,34,Dec,29,2016,"Drop, duplicate extraction",2017-01-20 17:31:36+00:00,"Extraction could not be found matching {""extraction_number__iexact"": ""2654""}"
1448,2655,ND,K:HPLC-ELSD:Tyrosine_HPLC_Data_2015_2016:2016_12_36,34,Dec,29,2016,,2017-01-04 14:51:18+00:00,"Extraction could not be found matching {""extraction_number__iexact"": ""2655""}"
1449,2656,ND,K:HPLC-ELSD:Tyrosine_HPLC_Data_2015_2016:2016_12_37,34,Dec,29,2016,,2017-01-04 14:51:18+00:00,"Extraction could not be found matching {""extraction_number__iexact"": ""2656""}"
1450,2657,ND,K:HPLC-ELSD:Tyrosine_HPLC_Data_2015_2016:2016_12_38,34,Dec,29,2016,,2017-01-04 14:51:18+00:00,"Extraction could not be found matching {""extraction_number__iexact"": ""2657""}"
1451,2658,ND,K:HPLC-ELSD:Tyrosine_HPLC_Data_2015_2016:2016_12_39,34,Dec,29,2016,"Drop, different leaf from same plant run",2017-01-20 17:32:05+00:00,"Extraction could not be found matching {""extraction_number__iexact"": ""2658""}"
1452,2659,12.63%,K:HPLC-ELSD:Tyrosine_HPLC_Data_2015_2016:2016_12_40,34,Dec,29,2016,,2017-01-04 14:07:25+00:00,"Extraction could not be found matching {""extraction_number__iexact"": ""2659""}"
1453,2662,ND,K:HPLC-ELSD:Tyrosine_HPLC_Data_2015_2016:2017_01_05,35,Jan,5,2017,,2017-01-09 11:16:24+00:00,"Extraction could not be found matching {""extraction_number__iexact"": ""2662""}"
1454,2663,ND,K:HPLC-ELSD:Tyrosine_HPLC_Data_2015_2016:2017_01_05,35,Jan,5,2017,,2017-01-09 11:16:24+00:00,"Extraction could not be found matching {""extraction_number__iexact"": ""2663""}"
1455,2664,ND,K:HPLC-ELSD:Tyrosine_HPLC_Data_2015_2016:2017_01_05,35,Jan,5,2017,,2017-01-09 11:16:24+00:00,"Extraction could not be found matching {""extraction_number__iexact"": ""2664""}"
1456,2665,ND,K:HPLC-ELSD:Tyrosine_HPLC_Data_2015_2016:2017_01_05,35,Jan,5,2017,,2017-01-09 11:16:24+00:00,"Extraction could not be found matching {""extraction_number__iexact"": ""2665""}"
1457,2666,ND,K:HPLC-ELSD:Tyrosine_HPLC_Data_2015_2016:2017_01_05,35,Jan,5,2017,,2017-01-09 11:16:24+00:00,"Extraction could not be found matching {""extraction_number__iexact"": ""2666""}"
1458,2667,ND,K:HPLC-ELSD:Tyrosine_HPLC_Data_2015_2016:2017_01_05,35,Jan,5,2017,,2017-01-09 11:16:24+00:00,"Extraction could not be found matching {""extraction_number__iexact"": ""2667""}"
1459,2668,ND,K:HPLC-ELSD:Tyrosine_HPLC_Data_2015_2016:2017_01_05,35,Jan,5,2017,,2017-01-09 11:16:24+00:00,"Extraction could not be found matching {""extraction_number__iexact"": ""2668""}"
1460,2669,ND,K:HPLC-ELSD:Tyrosine_HPLC_Data_2015_2016:2017_01_05,35,Jan,5,2017,,2017-01-09 11:16:24+00:00,"Extraction could not be found matching {""extraction_number__iexact"": ""2669""}"
1461,2670,ND,K:HPLC-ELSD:Tyrosine_HPLC_Data_2015_2016:2017_01_05,35,Jan,5,2017,,2017-01-09 11:16:24+00:00,"Extraction could not be found matching {""extraction_number__iexact"": ""2670""}"
1462,2671,ND,K:HPLC-ELSD:Tyrosine_HPLC_Data_2015_2016:2017_01_05,35,Jan,5,2017,,2017-01-09 11:16:24+00:00,"Extraction could not be found matching {""extraction_number__iexact"": ""2671""}"
1463,2673,ND,K:HPLC-ELSD:Tyrosine_HPLC_Data_2015_2016:2017_01_05,35,Jan,5,2017,,2017-01-09 11:16:24+00:00,"Extraction could not be found matching {""extraction_number__iexact"": ""2673""}"
1464,2674,ND,K:HPLC-ELSD:Tyrosine_HPLC_Data_2015_2016:2017_01_05,35,Jan,5,2017,,2017-01-09 11:16:24+00:00,"Extraction could not be found matching {""extraction_number__iexact"": ""2674""}"
1465,2675,ND,K:HPLC-ELSD:Tyrosine_HPLC_Data_2015_2016:2017_01_05,35,Jan,5,2017,,2017-01-09 11:16:24+00:00,"Extraction could not be found matching {""extraction_number__iexact"": ""2675""}"
1466,2676,ND,K:HPLC-ELSD:Tyrosine_HPLC_Data_2015_2016:2017_01_05,35,Jan,5,2017,,2017-01-09 11:16:24+00:00,"Extraction could not be found matching {""extraction_number__iexact"": ""2676""}"
1467,2677,ND,K:HPLC-ELSD:Tyrosine_HPLC_Data_2015_2016:2017_01_05,35,Jan,5,2017,,2017-01-09 11:16:24+00:00,"Extraction could not be found matching {""extraction_number__iexact"": ""2677""}"
1468,2678,ND,K:HPLC-ELSD:Tyrosine_HPLC_Data_2015_2016:2017_01_05,35,Jan,5,2017,,2017-01-09 11:16:24+00:00,"Extraction could not be found matching {""extraction_number__iexact"": ""2678""}"
1469,2679,ND,K:HPLC-ELSD:Tyrosine_HPLC_Data_2015_2016:2017_01_05,35,Jan,5,2017,,2017-01-09 11:16:24+00:00,"Extraction could not be found matching {""extraction_number__iexact"": ""2679""}"
1470,2680,ND,K:HPLC-ELSD:Tyrosine_HPLC_Data_2015_2016:2017_01_05,35,Jan,5,2017,,2017-01-09 11:16:24+00:00,"Extraction could not be found matching {""extraction_number__iexact"": ""2680""}"
1471,2681,ND,K:HPLC-ELSD:Tyrosine_HPLC_Data_2015_2016:2017_01_05,35,Jan,5,2017,,2017-01-09 11:16:24+00:00,"Extraction could not be found matching {""extraction_number__iexact"": ""2681""}"
1472,2682,4.87%,K:HPLC-ELSD:Tyrosine_HPLC_Data_2015_2016:2017_01_05,35,Jan,5,2017,,2017-01-09 11:16:24+00:00,"Extraction could not be found matching {""extraction_number__iexact"": ""2682""}"
1473,2683,ND,K:HPLC-ELSD:Tyrosine_HPLC_Data_2015_2016:2017_01_05,35,Jan,5,2017,,2017-01-09 11:16:24+00:00,"Extraction could not be found matching {""extraction_number__iexact"": ""2683""}"
1474,2684,ND,K:HPLC-ELSD:Tyrosine_HPLC_Data_2015_2016:2017_01_05,35,Jan,5,2017,,2017-01-09 11:16:24+00:00,"Extraction could not be found matching {""extraction_number__iexact"": ""2684""}"
1475,2685,ND,K:HPLC-ELSD:Tyrosine_HPLC_Data_2015_2016:2017_01_05,35,Jan,5,2017,,2017-01-09 11:16:24+00:00,"Extraction could not be found matching {""extraction_number__iexact"": ""2685""}"
1476,2686,ND,K:HPLC-ELSD:Tyrosine_HPLC_Data_2015_2016:2017_01_05,35,Jan,5,2017,,2017-01-09 11:16:24+00:00,"Extraction could not be found matching {""extraction_number__iexact"": ""2686""}"
1477,2687,ND,K:HPLC-ELSD:Tyrosine_HPLC_Data_2015_2016:2017_01_05,35,Jan,5,2017,,2017-01-09 11:16:24+00:00,"Extraction could not be found matching {""extraction_number__iexact"": ""2687""}"
1478,2688,ND,K:HPLC-ELSD:Tyrosine_HPLC_Data_2015_2016:2017_01_05,35,Jan,5,2017,,2017-01-09 11:16:24+00:00,"Extraction could not be found matching {""extraction_number__iexact"": ""2688""}"
1479,2689,ND,K:HPLC-ELSD:Tyrosine_HPLC_Data_2015_2016:2017_01_05,35,Jan,5,2017,,2017-01-09 11:16:24+00:00,"Extraction could not be found matching {""extraction_number__iexact"": ""2689""}"
1480,2690,ND,K:HPLC-ELSD:Tyrosine_HPLC_Data_2015_2016:2017_01_05,35,Jan,5,2017,,2017-01-09 11:16:24+00:00,"Extraction could not be found matching {""extraction_number__iexact"": ""2690""}"
1481,2691,ND,K:HPLC-ELSD:Tyrosine_HPLC_Data_2015_2016:2017_01_05,35,Jan,5,2017,,2017-01-09 11:16:24+00:00,"Extraction could not be found matching {""extraction_number__iexact"": ""2691""}"
1482,2692,ND,K:HPLC-ELSD:Tyrosine_HPLC_Data_2015_2016:2017_01_05,35,Jan,5,2017,,2017-01-09 11:16:24+00:00,"Extraction could not be found matching {""extraction_number__iexact"": ""2692""}"
1483,2693,ND,K:HPLC-ELSD:Tyrosine_HPLC_Data_2015_2016:2017_01_06,36,Jan,6,2017,,2017-01-09 11:16:24+00:00,"Extraction could not be found matching {""extraction_number__iexact"": ""2693""}"
1484,2694,ND,K:HPLC-ELSD:Tyrosine_HPLC_Data_2015_2016:2017_01_06,36,Jan,6,2017,,2017-01-09 11:16:24+00:00,"Extraction could not be found matching {""extraction_number__iexact"": ""2694""}"
1485,2695,ND,K:HPLC-ELSD:Tyrosine_HPLC_Data_2015_2016:2017_01_06,36,Jan,6,2017,,2017-01-09 11:16:24+00:00,"Extraction could not be found matching {""extraction_number__iexact"": ""2695""}"
1486,2696,ND,K:HPLC-ELSD:Tyrosine_HPLC_Data_2015_2016:2017_01_06,36,Jan,6,2017,,2017-01-09 11:16:24+00:00,"Extraction could not be found matching {""extraction_number__iexact"": ""2696""}"
1487,2697,ND,K:HPLC-ELSD:Tyrosine_HPLC_Data_2015_2016:2017_01_06,36,Jan,6,2017,,2017-01-09 11:16:24+00:00,"Extraction could not be found matching {""extraction_number__iexact"": ""2697""}"
1488,2698,ND,K:HPLC-ELSD:Tyrosine_HPLC_Data_2015_2016:2017_01_06,36,Jan,6,2017,,2017-01-09 11:16:24+00:00,"Extraction could not be found matching {""extraction_number__iexact"": ""2698""}"
1489,2699,5.08%,K:HPLC-ELSD:Tyrosine_HPLC_Data_2015_2016:2017_01_06,36,Jan,6,2017,,2017-01-09 11:16:24+00:00,"Extraction could not be found matching {""extraction_number__iexact"": ""2699""}"
1490,2700,ND,K:HPLC-ELSD:Tyrosine_HPLC_Data_2015_2016:2017_01_06,36,Jan,6,2017,,2017-01-09 11:16:24+00:00,"Extraction could not be found matching {""extraction_number__iexact"": ""2700""}"
1491,2701,ND,K:HPLC-ELSD:Tyrosine_HPLC_Data_2015_2016:2017_01_06,36,Jan,6,2017,,2017-01-09 11:16:24+00:00,"Extraction could not be found matching {""extraction_number__iexact"": ""2701""}"
1492,2702,ND,K:HPLC-ELSD:Tyrosine_HPLC_Data_2015_2016:2017_01_06,36,Jan,6,2017,,2017-01-09 11:16:25+00:00,"Extraction could not be found matching {""extraction_number__iexact"": ""2702""}"
1493,2703,ND,K:HPLC-ELSD:Tyrosine_HPLC_Data_2015_2016:2017_01_06,36,Jan,6,2017,,2017-01-09 11:16:25+00:00,"Extraction could not be found matching {""extraction_number__iexact"": ""2703""}"
1494,2704,ND,K:HPLC-ELSD:Tyrosine_HPLC_Data_2015_2016:2017_01_06,36,Jan,6,2017,,2017-01-09 11:16:25+00:00,"Extraction could not be found matching {""extraction_number__iexact"": ""2704""}"
1495,2705,ND,K:HPLC-ELSD:Tyrosine_HPLC_Data_2015_2016:2017_01_06,36,Jan,6,2017,,2017-01-09 11:16:25+00:00,"Extraction could not be found matching {""extraction_number__iexact"": ""2705""}"
1496,2706,ND,K:HPLC-ELSD:Tyrosine_HPLC_Data_2015_2016:2017_01_06,36,Jan,6,2017,,2017-01-09 11:16:25+00:00,"Extraction could not be found matching {""extraction_number__iexact"": ""2706""}"
1497,2707,ND,K:HPLC-ELSD:Tyrosine_HPLC_Data_2015_2016:2017_01_06,36,Jan,6,2017,,2017-01-09 11:16:25+00:00,"Extraction could not be found matching {""extraction_number__iexact"": ""2707""}"
1498,2708,ND,K:HPLC-ELSD:Tyrosine_HPLC_Data_2015_2016:2017_01_06,36,Jan,6,2017,,2017-01-09 11:16:25+00:00,"Extraction could not be found matching {""extraction_number__iexact"": ""2708""}"
1499,2709,ND,K:HPLC-ELSD:Tyrosine_HPLC_Data_2015_2016:2017_01_06,36,Jan,6,2017,,2017-01-09 11:16:25+00:00,"Extraction could not be found matching {""extraction_number__iexact"": ""2709""}"
1500,2710,ND,K:HPLC-ELSD:Tyrosine_HPLC_Data_2015_2016:2017_01_06,36,Jan,6,2017,,2017-01-09 11:16:25+00:00,"Extraction could not be found matching {""extraction_number__iexact"": ""2710""}"
1501,2711,ND,K:HPLC-ELSD:Tyrosine_HPLC_Data_2015_2016:2017_01_06,36,Jan,6,2017,,2017-01-09 11:16:25+00:00,"Extraction could not be found matching {""extraction_number__iexact"": ""2711""}"
1502,2712,ND,K:HPLC-ELSD:Tyrosine_HPLC_Data_2015_2016:2017_01_06,36,Jan,6,2017,,2017-01-09 11:16:25+00:00,"Extraction could not be found matching {""extraction_number__iexact"": ""2712""}"
1503,2713,ND,K:HPLC-ELSD:Tyrosine_HPLC_Data_2015_2016:2017_01_06,36,Jan,6,2017,,2017-01-09 11:16:25+00:00,"Extraction could not be found matching {""extraction_number__iexact"": ""2713""}"
1504,2714,ND,K:HPLC-ELSD:Tyrosine_HPLC_Data_2015_2016:2017_01_06,36,Jan,6,2017,,2017-01-09 11:16:25+00:00,"Extraction could not be found matching {""extraction_number__iexact"": ""2714""}"
1505,2715,ND,K:HPLC-ELSD:Tyrosine_HPLC_Data_2015_2016:2017_01_06,36,Jan,6,2017,,2017-01-09 11:16:25+00:00,"Extraction could not be found matching {""extraction_number__iexact"": ""2715""}"
1506,2716,ND,K:HPLC-ELSD:Tyrosine_HPLC_Data_2015_2016:2017_01_06,36,Jan,6,2017,,2017-01-09 11:16:25+00:00,"Extraction could not be found matching {""extraction_number__iexact"": ""2716""}"
1507,2725,ND,K:HPLC-ELSD:Tyrosine_HPLC_Data_2015_2016:2017_01_10,37,Jan,10,2017,,2017-01-17 15:57:44+00:00,"Extraction could not be found matching {""extraction_number__iexact"": ""2725""}"
1508,2726,ND,K:HPLC-ELSD:Tyrosine_HPLC_Data_2015_2016:2017_01_10,37,Jan,10,2017,,2017-01-17 15:57:44+00:00,"Extraction could not be found matching {""extraction_number__iexact"": ""2726""}"
1509,2727,ND,K:HPLC-ELSD:Tyrosine_HPLC_Data_2015_2016:2017_01_10,37,Jan,10,2017,,2017-01-17 15:57:44+00:00,"Extraction could not be found matching {""extraction_number__iexact"": ""2727""}"
1510,2728,ND,K:HPLC-ELSD:Tyrosine_HPLC_Data_2015_2016:2017_01_10,37,Jan,10,2017,ran multiple times,2017-01-20 17:34:38+00:00,"Extraction could not be found matching {""extraction_number__iexact"": ""2728""}"
1511,2729,ND,K:HPLC-ELSD:Tyrosine_HPLC_Data_2015_2016:2017_01_10,37,Jan,10,2017,,2017-01-17 15:57:44+00:00,"Extraction could not be found matching {""extraction_number__iexact"": ""2729""}"
1512,2730,ND,K:HPLC-ELSD:Tyrosine_HPLC_Data_2015_2016:2017_01_10,37,Jan,10,2017,,2017-01-17 15:57:44+00:00,"Extraction could not be found matching {""extraction_number__iexact"": ""2730""}"
1513,2731,10.68%,K:HPLC-ELSD:Tyrosine_HPLC_Data_2015_2016:2017_01_10,37,Jan,10,2017,,2017-01-17 15:57:44+00:00,"Extraction could not be found matching {""extraction_number__iexact"": ""2731""}"
1514,2732,7.99%,K:HPLC-ELSD:Tyrosine_HPLC_Data_2015_2016:2017_01_10,37,Jan,10,2017,,2017-01-17 15:57:44+00:00,"Extraction could not be found matching {""extraction_number__iexact"": ""2732""}"
1515,2733,ND,K:HPLC-ELSD:Tyrosine_HPLC_Data_2015_2016:2017_01_10,37,Jan,10,2017,,2017-01-17 15:57:44+00:00,"Extraction could not be found matching {""extraction_number__iexact"": ""2733""}"
1516,2734,ND,K:HPLC-ELSD:Tyrosine_HPLC_Data_2015_2016:2017_01_10,37,Jan,10,2017,,2017-01-17 15:57:44+00:00,"Extraction could not be found matching {""extraction_number__iexact"": ""2734""}"
1517,2735,ND,K:HPLC-ELSD:Tyrosine_HPLC_Data_2015_2016:2017_01_10,37,Jan,10,2017,,2017-01-17 15:57:44+00:00,"Extraction could not be found matching {""extraction_number__iexact"": ""2735""}"
1518,2736,ND,K:HPLC-ELSD:Tyrosine_HPLC_Data_2015_2016:2017_01_10,37,Jan,10,2017,,2017-01-17 15:57:44+00:00,"Extraction could not be found matching {""extraction_number__iexact"": ""2736""}"
1519,2737,ND,K:HPLC-ELSD:Tyrosine_HPLC_Data_2015_2016:2017_01_10,37,Jan,10,2017,,2017-01-17 15:57:44+00:00,"Extraction could not be found matching {""extraction_number__iexact"": ""2737""}"
1520,2738,ND,K:HPLC-ELSD:Tyrosine_HPLC_Data_2015_2016:2017_01_10,37,Jan,10,2017,,2017-01-17 15:57:44+00:00,"Extraction could not be found matching {""extraction_number__iexact"": ""2738""}"
1521,2739,ND,K:HPLC-ELSD:Tyrosine_HPLC_Data_2015_2016:2017_01_10,37,Jan,10,2017,,2017-01-17 15:57:44+00:00,"Extraction could not be found matching {""extraction_number__iexact"": ""2739""}"
1522,2740,ND,K:HPLC-ELSD:Tyrosine_HPLC_Data_2015_2016:2017_01_10,37,Jan,10,2017,,2017-01-17 15:57:44+00:00,"Extraction could not be found matching {""extraction_number__iexact"": ""2740""}"
